"week","gs","gs.code","clutch","treatment","treatment.code","larv.tank.id","seed.num","photo.num","leth.samp.num.cumul","metamorph.num.cumul","prop.survi","prop.seed.forelimb","prop.surv.forelimb","water.level.reduc","unique.id","clutchtank"
"1","Rana sylvatica","RS","A","low density","CO","L001",41,41,0,0,1,0,0,"no","RS_A_L001_1","A_L001"
"1","Rana sylvatica","RS","A","high density","HD","L002",100,99,0,0,0.99,0,0,"no","RS_A_L002_1","A_L002"
"1","Rana sylvatica","RS","A","low density","CO","L003",40,40,0,0,1,0,0,"no","RS_A_L003_1","A_L003"
"1","Rana sylvatica","RS","A","high density","HD","L004",100,100,0,0,1,0,0,"no","RS_A_L004_1","A_L004"
"1","Rana sylvatica","RS","A","high density","HD","L005",100,99,0,0,0.99,0,0,"no","RS_A_L005_1","A_L005"
"1","Rana sylvatica","RS","A","low density","CO","L006",40,39,0,0,0.975,0,0,"no","RS_A_L006_1","A_L006"
"1","Rana sylvatica","RS","A","high density","HD","L007",100,99,0,0,0.99,0,0,"no","RS_A_L007_1","A_L007"
"1","Rana sylvatica","RS","A","low density","CO","L008",40,40,0,0,1,0,0,"no","RS_A_L008_1","A_L008"
"1","Rana sylvatica","RS","A","low density","CO","L009",41,40,1,0,1,0,0,"no","RS_A_L009_1","A_L009"
"1","Rana sylvatica","RS","A","high density","HD","L010",100,100,0,0,1,0,0,"no","RS_A_L010_1","A_L010"
"1","Rana sylvatica","RS","A","low density","CO","L011",40,40,0,0,1,0,0,"no","RS_A_L011_1","A_L011"
"1","Rana sylvatica","RS","A","high density","HD","L012",100,100,0,0,1,0,0,"no","RS_A_L012_1","A_L012"
"1","Rana sylvatica","RS","A","high density","HD","L013",100,100,0,0,1,0,0,"no","RS_A_L013_1","A_L013"
"1","Rana sylvatica","RS","A","low density","CO","L014",40,40,0,0,1,0,0,"no","RS_A_L014_1","A_L014"
"1","Rana sylvatica","RS","A","high density","HD","L015",100,100,0,0,1,0,0,"no","RS_A_L015_1","A_L015"
"1","Rana sylvatica","RS","A","low density","CO","L016",40,39,0,0,0.975,0,0,"no","RS_A_L016_1","A_L016"
"1","Rana sylvatica","RS","A","low density","CO","L017",40,39,0,0,0.975,0,0,"no","RS_A_L017_1","A_L017"
"1","Rana sylvatica","RS","A","low density","CO","L019",40,40,0,0,1,0,0,"no","RS_A_L019_1","A_L019"
"2","Rana sylvatica","RS","A","low density","CO","L001",41,41,0,0,1,0,0,"no","RS_A_L001_2","A_L001"
"2","Rana sylvatica","RS","A","high density","HD","L002",100,97,1,0,0.98,0,0,"no","RS_A_L002_2","A_L002"
"2","Rana sylvatica","RS","A","low density","CO","L003",40,39,1,0,1,0,0,"no","RS_A_L003_2","A_L003"
"2","Rana sylvatica","RS","A","high density","HD","L004",100,100,0,0,1,0,0,"no","RS_A_L004_2","A_L004"
"2","Rana sylvatica","RS","A","high density","HD","L005",100,97,1,0,0.98,0,0,"no","RS_A_L005_2","A_L005"
"2","Rana sylvatica","RS","A","low density","CO","L006",40,38,1,0,0.974,0,0,"no","RS_A_L006_2","A_L006"
"2","Rana sylvatica","RS","A","high density","HD","L007",100,97,1,0,0.98,0,0,"no","RS_A_L007_2","A_L007"
"2","Rana sylvatica","RS","A","low density","CO","L008",40,40,0,0,1,0,0,"no","RS_A_L008_2","A_L008"
"2","Rana sylvatica","RS","A","low density","CO","L009",41,40,1,0,1,0,0,"no","RS_A_L009_2","A_L009"
"2","Rana sylvatica","RS","A","high density","HD","L010",100,100,0,0,1,0,0,"no","RS_A_L010_2","A_L010"
"2","Rana sylvatica","RS","A","low density","CO","L011",40,40,0,0,1,0,0,"no","RS_A_L011_2","A_L011"
"2","Rana sylvatica","RS","A","high density","HD","L012",100,99,1,0,1,0,0,"no","RS_A_L012_2","A_L012"
"2","Rana sylvatica","RS","A","high density","HD","L013",100,100,0,0,1,0,0,"no","RS_A_L013_2","A_L013"
"2","Rana sylvatica","RS","A","low density","CO","L014",40,39,1,0,1,0,0,"no","RS_A_L014_2","A_L014"
"2","Rana sylvatica","RS","A","high density","HD","L015",100,99,1,0,1,0,0,"no","RS_A_L015_2","A_L015"
"2","Rana sylvatica","RS","A","low density","CO","L016",40,39,0,0,0.975,0,0,"no","RS_A_L016_2","A_L016"
"2","Rana sylvatica","RS","A","low density","CO","L017",40,38,1,0,0.974,0,0,"no","RS_A_L017_2","A_L017"
"2","Rana sylvatica","RS","A","low density","CO","L019",40,39,0,0,0.975,0,0,"no","RS_A_L019_2","A_L019"
"1","Rana sylvatica","RS","B","low density","CO","L021",40,39,0,0,0.975,0,0,"no","RS_B_L021_1","B_L021"
"1","Rana sylvatica","RS","B","high density","HD","L022",100,100,0,0,1,0,0,"no","RS_B_L022_1","B_L022"
"1","Rana sylvatica","RS","B","low density","CO","L023",40,39,0,0,0.975,0,0,"no","RS_B_L023_1","B_L023"
"1","Rana sylvatica","RS","B","high density","HD","L024",100,98,0,0,0.98,0,0,"no","RS_B_L024_1","B_L024"
"1","Rana sylvatica","RS","B","high density","HD","L025",100,100,0,0,1,0,0,"no","RS_B_L025_1","B_L025"
"1","Rana sylvatica","RS","B","low density","CO","L026",40,40,0,0,1,0,0,"no","RS_B_L026_1","B_L026"
"1","Rana sylvatica","RS","B","high density","HD","L027",100,99,0,0,0.99,0,0,"no","RS_B_L027_1","B_L027"
"1","Rana sylvatica","RS","B","low density","CO","L028",40,40,0,0,1,0,0,"no","RS_B_L028_1","B_L028"
"1","Rana sylvatica","RS","B","low density","CO","L029",40,40,0,0,1,0,0,"no","RS_B_L029_1","B_L029"
"1","Rana sylvatica","RS","B","high density","HD","L030",100,100,0,0,1,0,0,"no","RS_B_L030_1","B_L030"
"1","Rana sylvatica","RS","B","low density","CO","L031",40,40,0,0,1,0,0,"no","RS_B_L031_1","B_L031"
"1","Rana sylvatica","RS","B","high density","HD","L032",100,100,0,0,1,0,0,"no","RS_B_L032_1","B_L032"
"1","Rana sylvatica","RS","B","high density","HD","L033",100,98,0,0,0.98,0,0,"no","RS_B_L033_1","B_L033"
"1","Rana sylvatica","RS","B","low density","CO","L034",40,40,0,0,1,0,0,"no","RS_B_L034_1","B_L034"
"1","Rana sylvatica","RS","B","high density","HD","L035",100,98,0,0,0.98,0,0,"no","RS_B_L035_1","B_L035"
"1","Rana sylvatica","RS","B","low density","CO","L036",40,40,0,0,1,0,0,"no","RS_B_L036_1","B_L036"
"1","Rana sylvatica","RS","C","low density","CO","L041",40,40,0,0,1,0,0,"no","RS_C_L041_1","C_L041"
"1","Rana sylvatica","RS","C","high density","HD","L042",100,100,0,0,1,0,0,"no","RS_C_L042_1","C_L042"
"1","Rana sylvatica","RS","C","low density","CO","L043",40,40,0,0,1,0,0,"no","RS_C_L043_1","C_L043"
"1","Rana sylvatica","RS","C","high density","HD","L044",101,101,0,0,1,0,0,"no","RS_C_L044_1","C_L044"
"1","Rana sylvatica","RS","C","high density","HD","L045",100,99,0,0,0.99,0,0,"no","RS_C_L045_1","C_L045"
"1","Rana sylvatica","RS","C","low density","CO","L046",41,41,0,0,1,0,0,"no","RS_C_L046_1","C_L046"
"1","Rana sylvatica","RS","C","high density","HD","L047",100,100,0,0,1,0,0,"no","RS_C_L047_1","C_L047"
"1","Rana sylvatica","RS","C","low density","CO","L048",40,40,0,0,1,0,0,"no","RS_C_L048_1","C_L048"
"1","Rana sylvatica","RS","C","low density","CO","L049",40,40,0,0,1,0,0,"no","RS_C_L049_1","C_L049"
"1","Rana sylvatica","RS","C","high density","HD","L050",100,100,0,0,1,0,0,"no","RS_C_L050_1","C_L050"
"1","Rana sylvatica","RS","C","low density","CO","L051",40,40,0,0,1,0,0,"no","RS_C_L051_1","C_L051"
"1","Rana sylvatica","RS","C","high density","HD","L052",100,100,0,0,1,0,0,"no","RS_C_L052_1","C_L052"
"1","Rana sylvatica","RS","C","low density","CO","L053",40,39,0,0,0.975,0,0,"no","RS_C_L053_1","C_L053"
"1","Rana sylvatica","RS","C","low density","CO","L054",40,39,0,0,0.975,0,0,"no","RS_C_L054_1","C_L054"
"1","Rana sylvatica","RS","C","low density","CO","L055",40,40,0,0,1,0,0,"no","RS_C_L055_1","C_L055"
"3","Rana sylvatica","RS","A","low density","CO","L001",41,41,0,0,1,0,0,"no","RS_A_L001_3","A_L001"
"3","Rana sylvatica","RS","A","high density","HD","L002",100,96,2,0,0.98,0,0,"no","RS_A_L002_3","A_L002"
"3","Rana sylvatica","RS","A","low density","CO","L003",40,38,2,0,1,0,0,"no","RS_A_L003_3","A_L003"
"3","Rana sylvatica","RS","A","high density","HD","L004",100,100,0,0,1,0,0,"no","RS_A_L004_3","A_L004"
"3","Rana sylvatica","RS","A","high density","HD","L005",100,96,2,0,0.98,0,0,"no","RS_A_L005_3","A_L005"
"3","Rana sylvatica","RS","A","low density","CO","L006",40,37,2,0,0.974,0,0,"no","RS_A_L006_3","A_L006"
"3","Rana sylvatica","RS","A","high density","HD","L007",100,96,2,0,0.98,0,0,"no","RS_A_L007_3","A_L007"
"3","Rana sylvatica","RS","A","low density","CO","L008",40,40,0,0,1,0,0,"no","RS_A_L008_3","A_L008"
"3","Rana sylvatica","RS","A","low density","CO","L009",41,39,2,0,1,0,0,"no","RS_A_L009_3","A_L009"
"3","Rana sylvatica","RS","A","high density","HD","L010",100,100,0,0,1,0,0,"no","RS_A_L010_3","A_L010"
"3","Rana sylvatica","RS","A","low density","CO","L011",40,40,0,0,1,0,0,"no","RS_A_L011_3","A_L011"
"3","Rana sylvatica","RS","A","high density","HD","L012",100,98,2,0,1,0,0,"no","RS_A_L012_3","A_L012"
"3","Rana sylvatica","RS","A","high density","HD","L013",100,100,0,0,1,0,0,"no","RS_A_L013_3","A_L013"
"3","Rana sylvatica","RS","A","low density","CO","L014",40,37,2,0,0.974,0,0,"no","RS_A_L014_3","A_L014"
"3","Rana sylvatica","RS","A","high density","HD","L015",100,96,2,0,0.98,0,0,"no","RS_A_L015_3","A_L015"
"3","Rana sylvatica","RS","A","low density","CO","L016",40,39,0,0,0.975,0,0,"no","RS_A_L016_3","A_L016"
"3","Rana sylvatica","RS","A","low density","CO","L017",40,37,2,0,0.974,0,0,"no","RS_A_L017_3","A_L017"
"3","Rana sylvatica","RS","A","low density","CO","L019",40,39,0,0,0.975,0,0,"no","RS_A_L019_3","A_L019"
"2","Rana sylvatica","RS","B","low density","CO","L021",40,38,1,0,0.974,0,0,"no","RS_B_L021_2","B_L021"
"2","Rana sylvatica","RS","B","high density","HD","L022",100,97,1,0,0.98,0,0,"no","RS_B_L022_2","B_L022"
"2","Rana sylvatica","RS","B","low density","CO","L023",40,37,0,0,0.925,0,0,"no","RS_B_L023_2","B_L023"
"2","Rana sylvatica","RS","B","high density","HD","L024",100,96,1,0,0.97,0,0,"no","RS_B_L024_2","B_L024"
"2","Rana sylvatica","RS","B","high density","HD","L025",100,97,1,0,0.98,0,0,"no","RS_B_L025_2","B_L025"
"2","Rana sylvatica","RS","B","low density","CO","L026",40,39,1,0,1,0,0,"no","RS_B_L026_2","B_L026"
"2","Rana sylvatica","RS","B","high density","HD","L027",100,97,0,0,0.97,0,0,"no","RS_B_L027_2","B_L027"
"2","Rana sylvatica","RS","B","low density","CO","L028",40,40,0,0,1,0,0,"no","RS_B_L028_2","B_L028"
"2","Rana sylvatica","RS","B","low density","CO","L029",40,39,1,0,1,0,0,"no","RS_B_L029_2","B_L029"
"2","Rana sylvatica","RS","B","high density","HD","L030",100,98,1,0,0.99,0,0,"no","RS_B_L030_2","B_L030"
"2","Rana sylvatica","RS","B","low density","CO","L031",40,39,1,0,1,0,0,"no","RS_B_L031_2","B_L031"
"2","Rana sylvatica","RS","B","high density","HD","L032",100,100,0,0,1,0,0,"no","RS_B_L032_2","B_L032"
"2","Rana sylvatica","RS","B","high density","HD","L033",100,98,0,0,0.98,0,0,"no","RS_B_L033_2","B_L033"
"2","Rana sylvatica","RS","B","low density","CO","L034",40,40,0,0,1,0,0,"no","RS_B_L034_2","B_L034"
"2","Rana sylvatica","RS","B","high density","HD","L035",100,98,0,0,0.98,0,0,"no","RS_B_L035_2","B_L035"
"2","Rana sylvatica","RS","B","low density","CO","L036",40,39,1,0,1,0,0,"no","RS_B_L036_2","B_L036"
"2","Rana sylvatica","RS","C","low density","CO","L041",40,40,0,0,1,0,0,"no","RS_C_L041_2","C_L041"
"2","Rana sylvatica","RS","C","high density","HD","L042",100,97,1,0,0.98,0,0,"no","RS_C_L042_2","C_L042"
"2","Rana sylvatica","RS","C","low density","CO","L043",40,39,1,0,1,0,0,"no","RS_C_L043_2","C_L043"
"2","Rana sylvatica","RS","C","high density","HD","L044",101,98,1,0,0.98,0,0,"no","RS_C_L044_2","C_L044"
"2","Rana sylvatica","RS","C","high density","HD","L045",100,95,1,0,0.96,0,0,"no","RS_C_L045_2","C_L045"
"2","Rana sylvatica","RS","C","low density","CO","L046",41,40,1,0,1,0,0,"no","RS_C_L046_2","C_L046"
"2","Rana sylvatica","RS","C","high density","HD","L047",100,100,0,0,1,0,0,"no","RS_C_L047_2","C_L047"
"2","Rana sylvatica","RS","C","low density","CO","L048",40,40,0,0,1,0,0,"no","RS_C_L048_2","C_L048"
"2","Rana sylvatica","RS","C","low density","CO","L049",40,39,1,0,1,0,0,"no","RS_C_L049_2","C_L049"
"2","Rana sylvatica","RS","C","high density","HD","L050",100,99,1,0,1,0,0,"no","RS_C_L050_2","C_L050"
"2","Rana sylvatica","RS","C","low density","CO","L051",40,39,1,0,1,0,0,"no","RS_C_L051_2","C_L051"
"2","Rana sylvatica","RS","C","high density","HD","L052",100,97,1,0,0.98,0,0,"no","RS_C_L052_2","C_L052"
"2","Rana sylvatica","RS","C","low density","CO","L053",40,39,0,0,0.975,0,0,"no","RS_C_L053_2","C_L053"
"2","Rana sylvatica","RS","C","low density","CO","L054",40,38,1,0,0.974,0,0,"no","RS_C_L054_2","C_L054"
"2","Rana sylvatica","RS","C","low density","CO","L055",40,40,0,0,1,0,0,"no","RS_C_L055_2","C_L055"
"4","Rana sylvatica","RS","A","low density","CO","L001",41,41,0,0,1,0,0,"no","RS_A_L001_4","A_L001"
"4","Rana sylvatica","RS","A","high density","HD","L002",100,96,2,0,0.98,0,0,"no","RS_A_L002_4","A_L002"
"4","Rana sylvatica","RS","A","low density","CO","L003",40,38,2,0,1,0,0,"no","RS_A_L003_4","A_L003"
"4","Rana sylvatica","RS","A","high density","HD","L004",100,99,0,0,0.99,0,0,"no","RS_A_L004_4","A_L004"
"4","Rana sylvatica","RS","A","high density","HD","L005",100,96,2,0,0.98,0,0,"no","RS_A_L005_4","A_L005"
"4","Rana sylvatica","RS","A","low density","CO","L006",40,37,2,0,0.974,0,0,"no","RS_A_L006_4","A_L006"
"4","Rana sylvatica","RS","A","high density","HD","L007",100,96,2,0,0.98,0,0,"no","RS_A_L007_4","A_L007"
"4","Rana sylvatica","RS","A","low density","CO","L008",40,40,0,0,1,0,0,"no","RS_A_L008_4","A_L008"
"4","Rana sylvatica","RS","A","low density","CO","L009",41,39,2,0,1,0,0,"no","RS_A_L009_4","A_L009"
"4","Rana sylvatica","RS","A","high density","HD","L010",100,99,0,0,0.99,0,0,"no","RS_A_L010_4","A_L010"
"4","Rana sylvatica","RS","A","low density","CO","L011",40,40,0,0,1,0,0,"no","RS_A_L011_4","A_L011"
"4","Rana sylvatica","RS","A","high density","HD","L012",100,98,2,0,1,0,0,"no","RS_A_L012_4","A_L012"
"4","Rana sylvatica","RS","A","high density","HD","L013",100,100,0,0,1,0,0,"no","RS_A_L013_4","A_L013"
"4","Rana sylvatica","RS","A","low density","CO","L014",40,37,2,0,0.974,0,0,"no","RS_A_L014_4","A_L014"
"4","Rana sylvatica","RS","A","high density","HD","L015",100,96,2,0,0.98,0,0,"no","RS_A_L015_4","A_L015"
"4","Rana sylvatica","RS","A","low density","CO","L016",40,39,0,0,0.975,0,0,"no","RS_A_L016_4","A_L016"
"4","Rana sylvatica","RS","A","low density","CO","L017",40,37,2,0,0.974,0,0,"no","RS_A_L017_4","A_L017"
"4","Rana sylvatica","RS","A","low density","CO","L019",40,39,0,0,0.975,0,0,"no","RS_A_L019_4","A_L019"
"3","Rana sylvatica","RS","B","low density","CO","L021",40,36,2,0,0.947,0,0,"no","RS_B_L021_3","B_L021"
"3","Rana sylvatica","RS","B","high density","HD","L022",100,94,2,0,0.959,0,0,"no","RS_B_L022_3","B_L022"
"3","Rana sylvatica","RS","B","low density","CO","L023",40,35,0,0,0.875,0,0,"no","RS_B_L023_3","B_L023"
"3","Rana sylvatica","RS","B","high density","HD","L024",100,94,2,0,0.959,0,0,"no","RS_B_L024_3","B_L024"
"3","Rana sylvatica","RS","B","high density","HD","L025",100,96,2,0,0.98,0,0,"no","RS_B_L025_3","B_L025"
"3","Rana sylvatica","RS","B","low density","CO","L026",40,37,2,0,0.974,0,0,"no","RS_B_L026_3","B_L026"
"3","Rana sylvatica","RS","B","high density","HD","L027",100,96,0,0,0.96,0,0,"no","RS_B_L027_3","B_L027"
"3","Rana sylvatica","RS","B","low density","CO","L028",40,40,0,0,1,0,0,"no","RS_B_L028_3","B_L028"
"3","Rana sylvatica","RS","B","low density","CO","L029",40,38,2,0,1,0,0,"no","RS_B_L029_3","B_L029"
"3","Rana sylvatica","RS","B","high density","HD","L030",100,96,2,0,0.98,0,0,"no","RS_B_L030_3","B_L030"
"3","Rana sylvatica","RS","B","low density","CO","L031",40,38,2,0,1,0,0,"no","RS_B_L031_3","B_L031"
"3","Rana sylvatica","RS","B","high density","HD","L032",100,98,0,0,0.98,0,0,"no","RS_B_L032_3","B_L032"
"3","Rana sylvatica","RS","B","high density","HD","L033",100,98,0,0,0.98,0,0,"no","RS_B_L033_3","B_L033"
"3","Rana sylvatica","RS","B","low density","CO","L034",40,40,0,0,1,0,0,"no","RS_B_L034_3","B_L034"
"3","Rana sylvatica","RS","B","high density","HD","L035",100,96,2,0,0.98,0,0,"no","RS_B_L035_3","B_L035"
"3","Rana sylvatica","RS","B","low density","CO","L036",40,38,2,0,1,0,0,"no","RS_B_L036_3","B_L036"
"3","Rana sylvatica","RS","C","low density","CO","L041",40,40,0,0,1,0,0,"no","RS_C_L041_3","C_L041"
"3","Rana sylvatica","RS","C","high density","HD","L042",100,95,2,0,0.969,0,0,"no","RS_C_L042_3","C_L042"
"3","Rana sylvatica","RS","C","low density","CO","L043",40,38,2,0,1,0,0,"no","RS_C_L043_3","C_L043"
"3","Rana sylvatica","RS","C","high density","HD","L044",101,93,2,0,0.939,0,0,"no","RS_C_L044_3","C_L044"
"3","Rana sylvatica","RS","C","high density","HD","L045",100,94,2,0,0.959,0,0,"no","RS_C_L045_3","C_L045"
"3","Rana sylvatica","RS","C","low density","CO","L046",41,39,2,0,1,0,0,"no","RS_C_L046_3","C_L046"
"3","Rana sylvatica","RS","C","high density","HD","L047",100,100,0,0,1,0,0,"no","RS_C_L047_3","C_L047"
"3","Rana sylvatica","RS","C","low density","CO","L048",40,40,0,0,1,0,0,"no","RS_C_L048_3","C_L048"
"3","Rana sylvatica","RS","C","low density","CO","L049",40,38,2,0,1,0,0,"no","RS_C_L049_3","C_L049"
"3","Rana sylvatica","RS","C","high density","HD","L050",100,98,2,0,1,0,0,"no","RS_C_L050_3","C_L050"
"3","Rana sylvatica","RS","C","low density","CO","L051",40,38,2,0,1,0,0,"no","RS_C_L051_3","C_L051"
"3","Rana sylvatica","RS","C","high density","HD","L052",100,94,2,0,0.959,0,0,"no","RS_C_L052_3","C_L052"
"3","Rana sylvatica","RS","C","low density","CO","L053",40,39,0,0,0.975,0,0,"no","RS_C_L053_3","C_L053"
"3","Rana sylvatica","RS","C","low density","CO","L054",40,37,2,0,0.974,0,0,"no","RS_C_L054_3","C_L054"
"3","Rana sylvatica","RS","C","low density","CO","L055",40,40,0,0,1,0,0,"no","RS_C_L055_3","C_L055"
"5","Rana sylvatica","RS","A","low density","CO","L001",41,40,1,0,1,0,0,"no","RS_A_L001_5","A_L001"
"5","Rana sylvatica","RS","A","high density","HD","L002",100,93,3,0,0.959,0,0,"no","RS_A_L002_5","A_L002"
"5","Rana sylvatica","RS","A","low density","CO","L003",40,38,2,0,1,0,0,"no","RS_A_L003_5","A_L003"
"5","Rana sylvatica","RS","A","high density","HD","L004",100,98,1,0,0.99,0,0,"no","RS_A_L004_5","A_L004"
"5","Rana sylvatica","RS","A","high density","HD","L005",100,94,3,0,0.969,0,0,"no","RS_A_L005_5","A_L005"
"5","Rana sylvatica","RS","A","low density","CO","L006",40,37,2,0,0.974,0,0,"no","RS_A_L006_5","A_L006"
"5","Rana sylvatica","RS","A","high density","HD","L007",100,95,2,0,0.969,0,0,"no","RS_A_L007_5","A_L007"
"5","Rana sylvatica","RS","A","low density","CO","L008",40,39,1,0,1,0,0,"no","RS_A_L008_5","A_L008"
"5","Rana sylvatica","RS","A","low density","CO","L009",41,39,2,0,1,0,0,"no","RS_A_L009_5","A_L009"
"5","Rana sylvatica","RS","A","high density","HD","L010",100,98,1,0,0.99,0,0,"no","RS_A_L010_5","A_L010"
"5","Rana sylvatica","RS","A","low density","CO","L011",40,39,1,0,1,0,0,"no","RS_A_L011_5","A_L011"
"5","Rana sylvatica","RS","A","high density","HD","L012",100,98,2,0,1,0,0,"no","RS_A_L012_5","A_L012"
"5","Rana sylvatica","RS","A","high density","HD","L013",100,99,1,0,1,0,0,"no","RS_A_L013_5","A_L013"
"5","Rana sylvatica","RS","A","low density","CO","L014",40,37,2,0,0.974,0,0,"no","RS_A_L014_5","A_L014"
"5","Rana sylvatica","RS","A","high density","HD","L015",100,96,2,0,0.98,0,0,"no","RS_A_L015_5","A_L015"
"5","Rana sylvatica","RS","A","low density","CO","L016",40,38,1,0,0.974,0,0,"no","RS_A_L016_5","A_L016"
"5","Rana sylvatica","RS","A","low density","CO","L017",40,37,2,0,0.974,0,0,"no","RS_A_L017_5","A_L017"
"5","Rana sylvatica","RS","A","low density","CO","L019",40,38,1,0,0.974,0,0,"no","RS_A_L019_5","A_L019"
"4","Rana sylvatica","RS","B","low density","CO","L021",40,36,2,0,0.947,0,0,"no","RS_B_L021_4","B_L021"
"4","Rana sylvatica","RS","B","high density","HD","L022",100,94,2,0,0.959,0,0,"no","RS_B_L022_4","B_L022"
"4","Rana sylvatica","RS","B","low density","CO","L023",40,35,0,0,0.875,0,0,"yes","RS_B_L023_4","B_L023"
"4","Rana sylvatica","RS","B","high density","HD","L024",100,94,2,0,0.959,0,0,"no","RS_B_L024_4","B_L024"
"4","Rana sylvatica","RS","B","high density","HD","L025",100,95,2,0,0.969,0,0,"no","RS_B_L025_4","B_L025"
"4","Rana sylvatica","RS","B","low density","CO","L026",40,37,2,0,0.974,0,0,"no","RS_B_L026_4","B_L026"
"4","Rana sylvatica","RS","B","high density","HD","L027",100,95,0,0,0.95,0,0,"no","RS_B_L027_4","B_L027"
"4","Rana sylvatica","RS","B","low density","CO","L028",40,40,0,0,1,0,0,"no","RS_B_L028_4","B_L028"
"4","Rana sylvatica","RS","B","low density","CO","L029",40,38,2,0,1,0,0,"no","RS_B_L029_4","B_L029"
"4","Rana sylvatica","RS","B","high density","HD","L030",100,96,2,0,0.98,0,0,"no","RS_B_L030_4","B_L030"
"4","Rana sylvatica","RS","B","low density","CO","L031",40,38,2,0,1,0,0,"no","RS_B_L031_4","B_L031"
"4","Rana sylvatica","RS","B","high density","HD","L032",100,98,0,0,0.98,0,0,"no","RS_B_L032_4","B_L032"
"4","Rana sylvatica","RS","B","high density","HD","L033",100,98,0,0,0.98,0,0,"no","RS_B_L033_4","B_L033"
"4","Rana sylvatica","RS","B","low density","CO","L034",40,40,0,0,1,0,0,"no","RS_B_L034_4","B_L034"
"4","Rana sylvatica","RS","B","high density","HD","L035",100,96,2,0,0.98,0,0,"no","RS_B_L035_4","B_L035"
"4","Rana sylvatica","RS","B","low density","CO","L036",40,38,2,0,1,0,0,"no","RS_B_L036_4","B_L036"
"4","Rana sylvatica","RS","C","low density","CO","L041",40,40,0,0,1,0,0,"no","RS_C_L041_4","C_L041"
"4","Rana sylvatica","RS","C","high density","HD","L042",100,95,2,0,0.969,0,0,"no","RS_C_L042_4","C_L042"
"4","Rana sylvatica","RS","C","low density","CO","L043",40,37,2,0,0.974,0,0,"no","RS_C_L043_4","C_L043"
"4","Rana sylvatica","RS","C","high density","HD","L044",101,93,2,0,0.939,0,0,"no","RS_C_L044_4","C_L044"
"4","Rana sylvatica","RS","C","high density","HD","L045",100,94,2,0,0.959,0,0,"no","RS_C_L045_4","C_L045"
"4","Rana sylvatica","RS","C","low density","CO","L046",41,39,2,0,1,0,0,"no","RS_C_L046_4","C_L046"
"4","Rana sylvatica","RS","C","high density","HD","L047",100,99,0,0,0.99,0,0,"no","RS_C_L047_4","C_L047"
"4","Rana sylvatica","RS","C","low density","CO","L048",40,40,0,0,1,0,0,"no","RS_C_L048_4","C_L048"
"4","Rana sylvatica","RS","C","low density","CO","L049",40,38,2,0,1,0,0,"no","RS_C_L049_4","C_L049"
"4","Rana sylvatica","RS","C","high density","HD","L050",100,98,2,0,1,0,0,"no","RS_C_L050_4","C_L050"
"4","Rana sylvatica","RS","C","low density","CO","L051",40,38,2,0,1,0,0,"no","RS_C_L051_4","C_L051"
"4","Rana sylvatica","RS","C","high density","HD","L052",100,92,2,0,0.939,0,0,"no","RS_C_L052_4","C_L052"
"4","Rana sylvatica","RS","C","low density","CO","L053",40,39,0,0,0.975,0,0,"no","RS_C_L053_4","C_L053"
"4","Rana sylvatica","RS","C","low density","CO","L054",40,37,2,0,0.974,0,0,"no","RS_C_L054_4","C_L054"
"4","Rana sylvatica","RS","C","low density","CO","L055",40,39,0,0,0.975,0,0,"no","RS_C_L055_4","C_L055"
"6","Rana sylvatica","RS","A","low density","CO","L001",41,39,2,0,1,0,0,"no","RS_A_L001_6","A_L001"
"6","Rana sylvatica","RS","A","high density","HD","L002",100,92,3,0,0.948,0,0,"no","RS_A_L002_6","A_L002"
"6","Rana sylvatica","RS","A","low density","CO","L003",40,38,2,0,1,0,0,"no","RS_A_L003_6","A_L003"
"6","Rana sylvatica","RS","A","high density","HD","L004",100,96,2,0,0.98,0,0,"no","RS_A_L004_6","A_L004"
"6","Rana sylvatica","RS","A","high density","HD","L005",100,94,3,0,0.969,0,0,"no","RS_A_L005_6","A_L005"
"6","Rana sylvatica","RS","A","low density","CO","L006",40,37,2,0,0.974,0,0,"no","RS_A_L006_6","A_L006"
"6","Rana sylvatica","RS","A","high density","HD","L007",100,95,2,0,0.969,0,0,"no","RS_A_L007_6","A_L007"
"6","Rana sylvatica","RS","A","low density","CO","L008",40,37,2,0,0.974,0,0,"no","RS_A_L008_6","A_L008"
"6","Rana sylvatica","RS","A","low density","CO","L009",41,39,2,0,1,0,0,"no","RS_A_L009_6","A_L009"
"6","Rana sylvatica","RS","A","high density","HD","L010",100,95,2,0,0.969,0,0,"no","RS_A_L010_6","A_L010"
"6","Rana sylvatica","RS","A","low density","CO","L011",40,38,2,0,1,0,0,"no","RS_A_L011_6","A_L011"
"6","Rana sylvatica","RS","A","high density","HD","L012",100,98,2,0,1,0,0,"no","RS_A_L012_6","A_L012"
"6","Rana sylvatica","RS","A","high density","HD","L013",100,98,2,0,1,0,0,"no","RS_A_L013_6","A_L013"
"6","Rana sylvatica","RS","A","low density","CO","L014",40,37,2,0,0.974,0,0,"no","RS_A_L014_6","A_L014"
"6","Rana sylvatica","RS","A","high density","HD","L015",100,96,2,0,0.98,0,0,"no","RS_A_L015_6","A_L015"
"6","Rana sylvatica","RS","A","low density","CO","L016",40,37,2,0,0.974,0,0,"no","RS_A_L016_6","A_L016"
"6","Rana sylvatica","RS","A","low density","CO","L017",40,37,2,0,0.974,0,0,"no","RS_A_L017_6","A_L017"
"6","Rana sylvatica","RS","A","low density","CO","L019",40,37,2,0,0.974,0,0,"no","RS_A_L019_6","A_L019"
"5","Rana sylvatica","RS","B","low density","CO","L021",40,35,3,0,0.946,0,0,"no","RS_B_L021_5","B_L021"
"5","Rana sylvatica","RS","B","high density","HD","L022",100,93,3,0,0.959,0,0,"no","RS_B_L022_5","B_L022"
"5","Rana sylvatica","RS","B","low density","CO","L023",40,34,1,0,0.872,0,0,"yes","RS_B_L023_5","B_L023"
"5","Rana sylvatica","RS","B","high density","HD","L024",100,94,2,0,0.959,0,0,"no","RS_B_L024_5","B_L024"
"5","Rana sylvatica","RS","B","high density","HD","L025",100,95,2,0,0.969,0,0,"no","RS_B_L025_5","B_L025"
"5","Rana sylvatica","RS","B","low density","CO","L026",40,37,2,0,0.974,0,0,"no","RS_B_L026_5","B_L026"
"5","Rana sylvatica","RS","B","high density","HD","L027",100,92,1,0,0.929,0,0,"no","RS_B_L027_5","B_L027"
"5","Rana sylvatica","RS","B","low density","CO","L028",40,39,1,0,1,0,0,"no","RS_B_L028_5","B_L028"
"5","Rana sylvatica","RS","B","low density","CO","L029",40,38,2,0,1,0,0,"no","RS_B_L029_5","B_L029"
"5","Rana sylvatica","RS","B","high density","HD","L030",100,96,2,0,0.98,0,0,"no","RS_B_L030_5","B_L030"
"5","Rana sylvatica","RS","B","low density","CO","L031",40,37,3,0,1,0,0,"no","RS_B_L031_5","B_L031"
"5","Rana sylvatica","RS","B","high density","HD","L032",100,96,1,0,0.97,0,0,"no","RS_B_L032_5","B_L032"
"5","Rana sylvatica","RS","B","high density","HD","L033",100,97,1,0,0.98,0,0,"no","RS_B_L033_5","B_L033"
"5","Rana sylvatica","RS","B","low density","CO","L034",40,39,1,0,1,0,0,"no","RS_B_L034_5","B_L034"
"5","Rana sylvatica","RS","B","high density","HD","L035",100,95,3,0,0.979,0,0,"no","RS_B_L035_5","B_L035"
"5","Rana sylvatica","RS","B","low density","CO","L036",40,38,2,0,1,0,0,"no","RS_B_L036_5","B_L036"
"5","Rana sylvatica","RS","C","low density","CO","L041",40,39,1,0,1,0,0,"no","RS_C_L041_5","C_L041"
"5","Rana sylvatica","RS","C","high density","HD","L042",100,93,3,0,0.959,0,0,"no","RS_C_L042_5","C_L042"
"5","Rana sylvatica","RS","C","low density","CO","L043",40,36,3,0,0.973,0,0,"no","RS_C_L043_5","C_L043"
"5","Rana sylvatica","RS","C","high density","HD","L044",101,92,3,0,0.939,0,0,"no","RS_C_L044_5","C_L044"
"5","Rana sylvatica","RS","C","high density","HD","L045",100,93,2,0,0.949,0,0,"no","RS_C_L045_5","C_L045"
"5","Rana sylvatica","RS","C","low density","CO","L046",41,39,2,0,1,0,0,"no","RS_C_L046_5","C_L046"
"5","Rana sylvatica","RS","C","high density","HD","L047",100,98,1,0,0.99,0,0,"no","RS_C_L047_5","C_L047"
"5","Rana sylvatica","RS","C","low density","CO","L048",40,39,1,0,1,0,0,"no","RS_C_L048_5","C_L048"
"5","Rana sylvatica","RS","C","low density","CO","L049",40,38,2,0,1,0,0,"no","RS_C_L049_5","C_L049"
"5","Rana sylvatica","RS","C","high density","HD","L050",100,96,2,0,0.98,0,0,"no","RS_C_L050_5","C_L050"
"5","Rana sylvatica","RS","C","low density","CO","L051",40,38,2,0,1,0,0,"no","RS_C_L051_5","C_L051"
"5","Rana sylvatica","RS","C","high density","HD","L052",100,91,3,0,0.938,0,0,"no","RS_C_L052_5","C_L052"
"5","Rana sylvatica","RS","C","low density","CO","L053",40,38,1,0,0.974,0,0,"no","RS_C_L053_5","C_L053"
"5","Rana sylvatica","RS","C","low density","CO","L054",40,37,2,0,0.974,0,0,"no","RS_C_L054_5","C_L054"
"5","Rana sylvatica","RS","C","low density","CO","L055",40,37,1,0,0.949,0,0,"no","RS_C_L055_5","C_L055"
"7","Rana sylvatica","RS","A","low density","CO","L001",41,39,2,0,1,0,0,"no","RS_A_L001_7","A_L001"
"7","Rana sylvatica","RS","A","high density","HD","L002",100,91,4,0,0.948,0,0,"no","RS_A_L002_7","A_L002"
"7","Rana sylvatica","RS","A","low density","CO","L003",40,38,2,0,1,0,0,"no","RS_A_L003_7","A_L003"
"7","Rana sylvatica","RS","A","high density","HD","L004",100,96,2,0,0.98,0,0,"no","RS_A_L004_7","A_L004"
"7","Rana sylvatica","RS","A","high density","HD","L005",100,93,4,0,0.969,0,0,"no","RS_A_L005_7","A_L005"
"7","Rana sylvatica","RS","A","low density","CO","L006",40,37,2,0,0.974,0,0,"no","RS_A_L006_7","A_L006"
"7","Rana sylvatica","RS","A","high density","HD","L007",100,95,2,0,0.969,0,0,"no","RS_A_L007_7","A_L007"
"7","Rana sylvatica","RS","A","low density","CO","L008",40,37,2,0,0.974,0,0,"no","RS_A_L008_7","A_L008"
"7","Rana sylvatica","RS","A","low density","CO","L009",41,39,2,0,1,0,0,"no","RS_A_L009_7","A_L009"
"7","Rana sylvatica","RS","A","high density","HD","L010",100,95,2,0,0.969,0,0,"no","RS_A_L010_7","A_L010"
"7","Rana sylvatica","RS","A","low density","CO","L011",40,38,2,0,1,0,0,"no","RS_A_L011_7","A_L011"
"7","Rana sylvatica","RS","A","high density","HD","L012",100,97,2,0,0.99,0,0,"no","RS_A_L012_7","A_L012"
"7","Rana sylvatica","RS","A","high density","HD","L013",100,98,2,0,1,0,0,"no","RS_A_L013_7","A_L013"
"7","Rana sylvatica","RS","A","low density","CO","L014",40,37,2,0,0.974,0,0,"no","RS_A_L014_7","A_L014"
"7","Rana sylvatica","RS","A","high density","HD","L015",100,96,2,0,0.98,0,0,"no","RS_A_L015_7","A_L015"
"7","Rana sylvatica","RS","A","low density","CO","L016",40,37,2,0,0.974,0,0,"no","RS_A_L016_7","A_L016"
"7","Rana sylvatica","RS","A","low density","CO","L017",40,37,2,0,0.974,0,0,"no","RS_A_L017_7","A_L017"
"7","Rana sylvatica","RS","A","low density","CO","L019",40,37,2,0,0.974,0,0,"no","RS_A_L019_7","A_L019"
"6","Rana sylvatica","RS","B","low density","CO","L021",40,35,3,0,0.946,0,0,"yes","RS_B_L021_6","B_L021"
"6","Rana sylvatica","RS","B","high density","HD","L022",100,93,3,0,0.959,0,0,"no","RS_B_L022_6","B_L022"
"6","Rana sylvatica","RS","B","low density","CO","L023",40,33,2,0,0.868,0,0,"yes","RS_B_L023_6","B_L023"
"6","Rana sylvatica","RS","B","high density","HD","L024",100,93,3,0,0.959,0,0,"no","RS_B_L024_6","B_L024"
"6","Rana sylvatica","RS","B","high density","HD","L025",100,95,2,0,0.969,0,0,"no","RS_B_L025_6","B_L025"
"6","Rana sylvatica","RS","B","low density","CO","L026",40,36,3,0,0.973,0,0,"no","RS_B_L026_6","B_L026"
"6","Rana sylvatica","RS","B","high density","HD","L027",100,91,2,0,0.929,0,0,"no","RS_B_L027_6","B_L027"
"6","Rana sylvatica","RS","B","low density","CO","L028",40,38,2,0,1,0,0,"no","RS_B_L028_6","B_L028"
"6","Rana sylvatica","RS","B","low density","CO","L029",40,37,3,0,1,0,0,"no","RS_B_L029_6","B_L029"
"6","Rana sylvatica","RS","B","high density","HD","L030",100,95,3,0,0.979,0,0,"no","RS_B_L030_6","B_L030"
"6","Rana sylvatica","RS","B","low density","CO","L031",40,37,3,0,1,0,0,"no","RS_B_L031_6","B_L031"
"6","Rana sylvatica","RS","B","high density","HD","L032",100,95,2,0,0.969,0,0,"no","RS_B_L032_6","B_L032"
"6","Rana sylvatica","RS","B","high density","HD","L033",100,96,2,0,0.98,0,0,"no","RS_B_L033_6","B_L033"
"6","Rana sylvatica","RS","B","low density","CO","L034",40,38,2,0,1,0,0,"no","RS_B_L034_6","B_L034"
"6","Rana sylvatica","RS","B","high density","HD","L035",100,95,3,0,0.979,0,0,"no","RS_B_L035_6","B_L035"
"6","Rana sylvatica","RS","B","low density","CO","L036",40,38,2,0,1,0,0,"no","RS_B_L036_6","B_L036"
"6","Rana sylvatica","RS","C","low density","CO","L041",40,38,2,0,1,0,0,"no","RS_C_L041_6","C_L041"
"6","Rana sylvatica","RS","C","high density","HD","L042",100,93,3,0,0.959,0,0,"no","RS_C_L042_6","C_L042"
"6","Rana sylvatica","RS","C","low density","CO","L043",40,36,3,0,0.973,0,0,"no","RS_C_L043_6","C_L043"
"6","Rana sylvatica","RS","C","high density","HD","L044",101,91,4,0,0.938,0,0,"no","RS_C_L044_6","C_L044"
"6","Rana sylvatica","RS","C","high density","HD","L045",100,91,3,0,0.938,0,0,"no","RS_C_L045_6","C_L045"
"6","Rana sylvatica","RS","C","low density","CO","L046",41,37,3,0,0.974,0,0,"no","RS_C_L046_6","C_L046"
"6","Rana sylvatica","RS","C","high density","HD","L047",100,97,2,0,0.99,0,0,"no","RS_C_L047_6","C_L047"
"6","Rana sylvatica","RS","C","low density","CO","L048",40,38,2,0,1,0,0,"no","RS_C_L048_6","C_L048"
"6","Rana sylvatica","RS","C","low density","CO","L049",40,38,2,0,1,0,0,"no","RS_C_L049_6","C_L049"
"6","Rana sylvatica","RS","C","high density","HD","L050",100,94,4,0,0.979,0,0,"no","RS_C_L050_6","C_L050"
"6","Rana sylvatica","RS","C","low density","CO","L051",40,38,2,0,1,0,0,"no","RS_C_L051_6","C_L051"
"6","Rana sylvatica","RS","C","high density","HD","L052",100,90,4,0,0.938,0,0,"no","RS_C_L052_6","C_L052"
"6","Rana sylvatica","RS","C","low density","CO","L053",40,37,2,0,0.974,0,0,"no","RS_C_L053_6","C_L053"
"6","Rana sylvatica","RS","C","low density","CO","L054",40,37,2,0,0.974,0,0,"no","RS_C_L054_6","C_L054"
"6","Rana sylvatica","RS","C","low density","CO","L055",40,36,2,0,0.947,0,0,"no","RS_C_L055_6","C_L055"
"8","Rana sylvatica","RS","A","low density","CO","L001",41,38,2,1,1,0.026,0.027,"no","RS_A_L001_8","A_L001"
"8","Rana sylvatica","RS","A","high density","HD","L002",100,91,4,0,0.948,0,0,"no","RS_A_L002_8","A_L002"
"8","Rana sylvatica","RS","A","low density","CO","L003",40,35,4,1,1,0.028,0.031,"no","RS_A_L003_8","A_L003"
"8","Rana sylvatica","RS","A","high density","HD","L004",100,92,4,0,0.958,0,0,"no","RS_A_L004_8","A_L004"
"8","Rana sylvatica","RS","A","high density","HD","L005",100,91,4,1,0.958,0.01,0.011,"no","RS_A_L005_8","A_L005"
"8","Rana sylvatica","RS","A","low density","CO","L006",40,33,4,1,0.944,0.028,0.033,"no","RS_A_L006_8","A_L006"
"8","Rana sylvatica","RS","A","high density","HD","L007",100,93,4,0,0.969,0,0,"no","RS_A_L007_8","A_L007"
"8","Rana sylvatica","RS","A","low density","CO","L008",40,36,2,1,0.974,0.026,0.029,"no","RS_A_L008_8","A_L008"
"8","Rana sylvatica","RS","A","low density","CO","L009",41,35,4,1,0.973,0.027,0.031,"no","RS_A_L009_8","A_L009"
"8","Rana sylvatica","RS","A","high density","HD","L010",100,93,3,1,0.969,0.01,0.011,"no","RS_A_L010_8","A_L010"
"8","Rana sylvatica","RS","A","low density","CO","L011",40,37,2,1,1,0.026,0.028,"no","RS_A_L011_8","A_L011"
"8","Rana sylvatica","RS","A","high density","HD","L012",100,93,4,0,0.969,0,0,"no","RS_A_L012_8","A_L012"
"8","Rana sylvatica","RS","A","high density","HD","L013",100,97,3,0,1,0,0,"no","RS_A_L013_8","A_L013"
"8","Rana sylvatica","RS","A","low density","CO","L014",40,34,4,1,0.972,0.028,0.032,"no","RS_A_L014_8","A_L014"
"8","Rana sylvatica","RS","A","high density","HD","L015",100,94,4,0,0.979,0,0,"no","RS_A_L015_8","A_L015"
"8","Rana sylvatica","RS","A","low density","CO","L016",40,36,2,1,0.974,0.026,0.029,"no","RS_A_L016_8","A_L016"
"8","Rana sylvatica","RS","A","low density","CO","L017",40,35,4,0,0.972,0,0,"no","RS_A_L017_8","A_L017"
"8","Rana sylvatica","RS","A","low density","CO","L019",40,34,2,3,0.974,0.079,0.086,"no","RS_A_L019_8","A_L019"
"7","Rana sylvatica","RS","B","low density","CO","L021",40,34,3,1,0.946,0.027,0.031,"yes","RS_B_L021_7","B_L021"
"7","Rana sylvatica","RS","B","high density","HD","L022",100,93,3,0,0.959,0,0,"no","RS_B_L022_7","B_L022"
"7","Rana sylvatica","RS","B","low density","CO","L023",40,32,2,1,0.868,0.026,0.032,"yes","RS_B_L023_7","B_L023"
"7","Rana sylvatica","RS","B","high density","HD","L024",100,92,3,1,0.959,0.01,0.011,"no","RS_B_L024_7","B_L024"
"7","Rana sylvatica","RS","B","high density","HD","L025",100,95,2,0,0.969,0,0,"no","RS_B_L025_7","B_L025"
"7","Rana sylvatica","RS","B","low density","CO","L026",40,35,3,1,0.973,0.027,0.03,"no","RS_B_L026_7","B_L026"
"7","Rana sylvatica","RS","B","high density","HD","L027",100,91,2,0,0.929,0,0,"no","RS_B_L027_7","B_L027"
"7","Rana sylvatica","RS","B","low density","CO","L028",40,37,2,0,0.974,0,0,"no","RS_B_L028_7","B_L028"
"7","Rana sylvatica","RS","B","low density","CO","L029",40,35,3,2,1,0.054,0.059,"no","RS_B_L029_7","B_L029"
"7","Rana sylvatica","RS","B","high density","HD","L030",100,95,3,0,0.979,0,0,"no","RS_B_L030_7","B_L030"
"7","Rana sylvatica","RS","B","low density","CO","L031",40,36,3,1,1,0.027,0.029,"no","RS_B_L031_7","B_L031"
"7","Rana sylvatica","RS","B","high density","HD","L032",100,95,2,0,0.969,0,0,"no","RS_B_L032_7","B_L032"
"7","Rana sylvatica","RS","B","high density","HD","L033",100,93,2,1,0.959,0.01,0.011,"no","RS_B_L033_7","B_L033"
"7","Rana sylvatica","RS","B","low density","CO","L034",40,38,2,0,1,0,0,"no","RS_B_L034_7","B_L034"
"7","Rana sylvatica","RS","B","high density","HD","L035",100,95,3,0,0.979,0,0,"no","RS_B_L035_7","B_L035"
"7","Rana sylvatica","RS","B","low density","CO","L036",40,37,2,1,1,0.026,0.028,"no","RS_B_L036_7","B_L036"
"7","Rana sylvatica","RS","C","low density","CO","L041",40,37,2,1,1,0.026,0.028,"no","RS_C_L041_7","C_L041"
"7","Rana sylvatica","RS","C","high density","HD","L042",100,92,3,1,0.959,0.01,0.011,"no","RS_C_L042_7","C_L042"
"7","Rana sylvatica","RS","C","low density","CO","L043",40,34,3,2,0.973,0.054,0.061,"no","RS_C_L043_7","C_L043"
"7","Rana sylvatica","RS","C","high density","HD","L044",101,91,4,0,0.938,0,0,"no","RS_C_L044_7","C_L044"
"7","Rana sylvatica","RS","C","high density","HD","L045",100,90,3,0,0.928,0,0,"no","RS_C_L045_7","C_L045"
"7","Rana sylvatica","RS","C","low density","CO","L046",41,37,3,0,0.974,0,0,"no","RS_C_L046_7","C_L046"
"7","Rana sylvatica","RS","C","high density","HD","L047",100,96,2,0,0.98,0,0,"no","RS_C_L047_7","C_L047"
"7","Rana sylvatica","RS","C","low density","CO","L048",40,38,2,0,1,0,0,"no","RS_C_L048_7","C_L048"
"7","Rana sylvatica","RS","C","low density","CO","L049",40,35,2,3,1,0.079,0.083,"no","RS_C_L049_7","C_L049"
"7","Rana sylvatica","RS","C","high density","HD","L050",100,93,4,0,0.969,0,0,"no","RS_C_L050_7","C_L050"
"7","Rana sylvatica","RS","C","low density","CO","L051",40,36,2,2,1,0.053,0.056,"no","RS_C_L051_7","C_L051"
"7","Rana sylvatica","RS","C","high density","HD","L052",100,90,4,0,0.938,0,0,"no","RS_C_L052_7","C_L052"
"7","Rana sylvatica","RS","C","low density","CO","L053",40,37,2,0,0.974,0,0,"no","RS_C_L053_7","C_L053"
"7","Rana sylvatica","RS","C","low density","CO","L054",40,37,2,0,0.974,0,0,"no","RS_C_L054_7","C_L054"
"7","Rana sylvatica","RS","C","low density","CO","L055",40,34,2,2,0.947,0.053,0.059,"no","RS_C_L055_7","C_L055"
"9","Rana sylvatica","RS","A","low density","CO","L001",41,35,2,3,0.974,0.077,0.083,"no","RS_A_L001_9","A_L001"
"9","Rana sylvatica","RS","A","high density","HD","L002",100,89,4,2,0.948,0.021,0.023,"no","RS_A_L002_9","A_L002"
"9","Rana sylvatica","RS","A","low density","CO","L003",40,34,4,2,1,0.056,0.063,"yes","RS_A_L003_9","A_L003"
"9","Rana sylvatica","RS","A","high density","HD","L004",100,89,5,2,0.958,0.021,0.023,"no","RS_A_L004_9","A_L004"
"9","Rana sylvatica","RS","A","high density","HD","L005",100,87,5,4,0.958,0.042,0.047,"no","RS_A_L005_9","A_L005"
"9","Rana sylvatica","RS","A","low density","CO","L006",40,29,4,4,0.917,0.111,0.138,"yes","RS_A_L006_9","A_L006"
"9","Rana sylvatica","RS","A","high density","HD","L007",100,91,5,1,0.968,0.011,0.011,"no","RS_A_L007_9","A_L007"
"9","Rana sylvatica","RS","A","low density","CO","L008",40,33,2,4,0.974,0.105,0.114,"no","RS_A_L008_9","A_L008"
"9","Rana sylvatica","RS","A","low density","CO","L009",41,34,4,2,0.973,0.054,0.063,"yes","RS_A_L009_9","A_L009"
"9","Rana sylvatica","RS","A","high density","HD","L010",100,88,3,5,0.959,0.052,0.056,"no","RS_A_L010_9","A_L010"
"9","Rana sylvatica","RS","A","low density","CO","L011",40,37,2,1,1,0.026,0.028,"no","RS_A_L011_9","A_L011"
"9","Rana sylvatica","RS","A","high density","HD","L012",100,89,4,3,0.958,0.031,0.034,"no","RS_A_L012_9","A_L012"
"9","Rana sylvatica","RS","A","high density","HD","L013",100,93,3,4,1,0.041,0.043,"no","RS_A_L013_9","A_L013"
"9","Rana sylvatica","RS","A","low density","CO","L014",40,32,4,3,0.972,0.083,0.097,"yes","RS_A_L014_9","A_L014"
"9","Rana sylvatica","RS","A","high density","HD","L015",100,91,4,3,0.979,0.031,0.033,"no","RS_A_L015_9","A_L015"
"9","Rana sylvatica","RS","A","low density","CO","L016",40,35,2,2,0.974,0.053,0.057,"no","RS_A_L016_9","A_L016"
"9","Rana sylvatica","RS","A","low density","CO","L017",40,32,4,3,0.972,0.083,0.097,"yes","RS_A_L017_9","A_L017"
"9","Rana sylvatica","RS","A","low density","CO","L019",40,31,2,6,0.974,0.158,0.171,"yes","RS_A_L019_9","A_L019"
"8","Rana sylvatica","RS","B","low density","CO","L021",40,32,3,3,0.946,0.081,0.086,"yes","RS_B_L021_8","B_L021"
"8","Rana sylvatica","RS","B","high density","HD","L022",100,91,3,1,0.948,0.01,0.011,"no","RS_B_L022_8","B_L022"
"8","Rana sylvatica","RS","B","low density","CO","L023",40,29,2,4,0.868,0.105,0.129,"yes","RS_B_L023_8","B_L023"
"8","Rana sylvatica","RS","B","high density","HD","L024",100,90,3,3,0.959,0.031,0.032,"no","RS_B_L024_8","B_L024"
"8","Rana sylvatica","RS","B","high density","HD","L025",100,94,2,1,0.969,0.01,0.01,"no","RS_B_L025_8","B_L025"
"8","Rana sylvatica","RS","B","low density","CO","L026",40,35,3,1,0.973,0.027,0.026,"yes","RS_B_L026_8","B_L026"
"8","Rana sylvatica","RS","B","high density","HD","L027",100,89,2,1,0.918,0.01,0.011,"no","RS_B_L027_8","B_L027"
"8","Rana sylvatica","RS","B","low density","CO","L028",40,33,2,4,0.974,0.105,0.114,"no","RS_B_L028_8","B_L028"
"8","Rana sylvatica","RS","B","low density","CO","L029",40,32,3,5,1,0.135,0.143,"yes","RS_B_L029_8","B_L029"
"8","Rana sylvatica","RS","B","high density","HD","L030",100,93,3,0,0.959,0,0,"no","RS_B_L030_8","B_L030"
"8","Rana sylvatica","RS","B","low density","CO","L031",40,32,3,5,1,0.135,0.143,"no","RS_B_L031_8","B_L031"
"8","Rana sylvatica","RS","B","high density","HD","L032",100,94,2,1,0.969,0.01,0.01,"no","RS_B_L032_8","B_L032"
"8","Rana sylvatica","RS","B","high density","HD","L033",100,91,2,3,0.959,0.031,0.032,"no","RS_B_L033_8","B_L033"
"8","Rana sylvatica","RS","B","low density","CO","L034",40,37,2,1,1,0.026,0.026,"no","RS_B_L034_8","B_L034"
"8","Rana sylvatica","RS","B","high density","HD","L035",100,95,3,0,0.979,0,0,"no","RS_B_L035_8","B_L035"
"8","Rana sylvatica","RS","B","low density","CO","L036",40,37,2,1,1,0.026,0.026,"no","RS_B_L036_8","B_L036"
"8","Rana sylvatica","RS","C","low density","CO","L041",40,35,2,3,1,0.079,0.081,"no","RS_C_L041_8","C_L041"
"8","Rana sylvatica","RS","C","high density","HD","L042",100,87,3,5,0.948,0.052,0.056,"no","RS_C_L042_8","C_L042"
"8","Rana sylvatica","RS","C","low density","CO","L043",40,32,3,4,0.973,0.108,0.114,"yes","RS_C_L043_8","C_L043"
"8","Rana sylvatica","RS","C","high density","HD","L044",101,86,4,5,0.938,0.052,0.056,"no","RS_C_L044_8","C_L044"
"8","Rana sylvatica","RS","C","high density","HD","L045",100,85,3,4,0.918,0.041,0.045,"no","RS_C_L045_8","C_L045"
"8","Rana sylvatica","RS","C","low density","CO","L046",41,35,3,2,0.974,0.053,0.053,"no","RS_C_L046_8","C_L046"
"8","Rana sylvatica","RS","C","high density","HD","L047",100,93,2,3,0.98,0.031,0.032,"no","RS_C_L047_8","C_L047"
"8","Rana sylvatica","RS","C","low density","CO","L048",40,33,2,4,0.974,0.105,0.114,"no","RS_C_L048_8","C_L048"
"8","Rana sylvatica","RS","C","low density","CO","L049",40,30,2,8,1,0.211,0.25,"yes","RS_C_L049_8","C_L049"
"8","Rana sylvatica","RS","C","high density","HD","L050",100,92,4,1,0.969,0.01,0.01,"no","RS_C_L050_8","C_L050"
"8","Rana sylvatica","RS","C","low density","CO","L051",40,34,2,4,1,0.105,0.111,"no","RS_C_L051_8","C_L051"
"8","Rana sylvatica","RS","C","high density","HD","L052",100,86,4,1,0.906,0.01,0.011,"no","RS_C_L052_8","C_L052"
"8","Rana sylvatica","RS","C","low density","CO","L053",40,35,2,2,0.974,0.053,0.054,"no","RS_C_L053_8","C_L053"
"8","Rana sylvatica","RS","C","low density","CO","L054",40,32,2,5,0.974,0.132,0.147,"no","RS_C_L054_8","C_L054"
"8","Rana sylvatica","RS","C","low density","CO","L055",40,31,2,5,0.947,0.132,0.152,"yes","RS_C_L055_8","C_L055"
"10","Rana sylvatica","RS","A","low density","CO","L001",41,32,2,6,0.974,0.154,0.167,"yes","RS_A_L001_10","A_L001"
"10","Rana sylvatica","RS","A","high density","HD","L002",100,83,4,8,0.948,0.083,0.092,"no","RS_A_L002_10","A_L002"
"10","Rana sylvatica","RS","A","low density","CO","L003",40,28,4,7,0.972,0.194,0.226,"yes","RS_A_L003_10","A_L003"
"10","Rana sylvatica","RS","A","high density","HD","L004",100,82,4,10,0.958,0.104,0.114,"no","RS_A_L004_10","A_L004"
"10","Rana sylvatica","RS","A","high density","HD","L005",100,81,4,11,0.958,0.115,0.125,"no","RS_A_L005_10","A_L005"
"10","Rana sylvatica","RS","A","low density","CO","L006",40,26,4,7,0.917,0.194,0.241,"yes","RS_A_L006_10","A_L006"
"10","Rana sylvatica","RS","A","high density","HD","L007",100,84,4,7,0.948,0.073,0.08,"no","RS_A_L007_10","A_L007"
"10","Rana sylvatica","RS","A","low density","CO","L008",40,31,2,6,0.974,0.158,0.171,"yes","RS_A_L008_10","A_L008"
"10","Rana sylvatica","RS","A","low density","CO","L009",41,31,4,5,0.973,0.135,0.156,"yes","RS_A_L009_10","A_L009"
"10","Rana sylvatica","RS","A","high density","HD","L010",100,84,3,9,0.959,0.093,0.1,"no","RS_A_L010_10","A_L010"
"10","Rana sylvatica","RS","A","low density","CO","L011",40,33,2,5,1,0.132,0.139,"no","RS_A_L011_10","A_L011"
"10","Rana sylvatica","RS","A","high density","HD","L012",100,84,4,8,0.958,0.083,0.091,"no","RS_A_L012_10","A_L012"
"10","Rana sylvatica","RS","A","high density","HD","L013",100,86,3,11,1,0.113,0.117,"no","RS_A_L013_10","A_L013"
"10","Rana sylvatica","RS","A","low density","CO","L014",40,29,4,6,0.972,0.167,0.194,"yes","RS_A_L014_10","A_L014"
"10","Rana sylvatica","RS","A","high density","HD","L015",100,83,4,11,0.979,0.115,0.122,"no","RS_A_L015_10","A_L015"
"10","Rana sylvatica","RS","A","low density","CO","L016",40,33,2,4,0.974,0.105,0.114,"yes","RS_A_L016_10","A_L016"
"10","Rana sylvatica","RS","A","low density","CO","L017",40,31,4,4,0.972,0.111,0.129,"yes","RS_A_L017_10","A_L017"
"10","Rana sylvatica","RS","A","low density","CO","L019",40,29,2,8,0.974,0.211,0.229,"yes","RS_A_L019_10","A_L019"
"9","Rana sylvatica","RS","B","low density","CO","L021",40,27,4,7,0.944,0.194,0.233,"yes","RS_B_L021_9","B_L021"
"9","Rana sylvatica","RS","B","high density","HD","L022",100,80,4,10,0.938,0.104,0.116,"no","RS_B_L022_9","B_L022"
"9","Rana sylvatica","RS","B","low density","CO","L023",40,27,3,5,0.865,0.135,0.172,"yes","RS_B_L023_9","B_L023"
"9","Rana sylvatica","RS","B","high density","HD","L024",100,84,4,8,0.958,0.083,0.091,"no","RS_B_L024_9","B_L024"
"9","Rana sylvatica","RS","B","high density","HD","L025",100,86,4,6,0.958,0.063,0.068,"no","RS_B_L025_9","B_L025"
"9","Rana sylvatica","RS","B","low density","CO","L026",40,30,4,5,0.972,0.139,0.161,"yes","RS_B_L026_9","B_L026"
"9","Rana sylvatica","RS","B","high density","HD","L027",100,81,3,6,0.897,0.062,0.071,"no","RS_B_L027_9","B_L027"
"9","Rana sylvatica","RS","B","low density","CO","L028",40,29,4,6,0.972,0.167,0.194,"yes","RS_B_L028_9","B_L028"
"9","Rana sylvatica","RS","B","low density","CO","L029",40,29,4,7,1,0.194,0.219,"yes","RS_B_L029_9","B_L029"
"9","Rana sylvatica","RS","B","high density","HD","L030",100,91,4,1,0.958,0.01,0.011,"no","RS_B_L030_9","B_L030"
"9","Rana sylvatica","RS","B","low density","CO","L031",40,29,4,7,1,0.194,0.219,"yes","RS_B_L031_9","B_L031"
"9","Rana sylvatica","RS","B","high density","HD","L032",100,87,3,7,0.969,0.072,0.077,"no","RS_B_L032_9","B_L032"
"9","Rana sylvatica","RS","B","high density","HD","L033",100,85,4,7,0.958,0.073,0.08,"no","RS_B_L033_9","B_L033"
"9","Rana sylvatica","RS","B","low density","CO","L034",40,32,3,4,0.973,0.108,0.121,"no","RS_B_L034_9","B_L034"
"9","Rana sylvatica","RS","B","high density","HD","L035",100,84,4,10,0.979,0.104,0.111,"no","RS_B_L035_9","B_L035"
"9","Rana sylvatica","RS","B","low density","CO","L036",40,29,4,7,1,0.194,0.219,"no","RS_B_L036_9","B_L036"
"9","Rana sylvatica","RS","C","low density","CO","L041",40,31,3,6,1,0.162,0.176,"yes","RS_C_L041_9","C_L041"
"9","Rana sylvatica","RS","C","high density","HD","L042",100,77,5,12,0.937,0.126,0.143,"no","RS_C_L042_9","C_L042"
"9","Rana sylvatica","RS","C","low density","CO","L043",40,27,4,7,0.944,0.194,0.233,"yes","RS_C_L043_9","C_L043"
"9","Rana sylvatica","RS","C","high density","HD","L044",101,76,5,14,0.938,0.146,0.165,"no","RS_C_L044_9","C_L044"
"9","Rana sylvatica","RS","C","high density","HD","L045",100,74,4,14,0.917,0.146,0.167,"no","RS_C_L045_9","C_L045"
"9","Rana sylvatica","RS","C","low density","CO","L046",41,31,4,5,0.973,0.135,0.156,"yes","RS_C_L046_9","C_L046"
"9","Rana sylvatica","RS","C","high density","HD","L047",100,79,4,14,0.969,0.146,0.157,"no","RS_C_L047_9","C_L047"
"9","Rana sylvatica","RS","C","low density","CO","L048",40,31,3,5,0.973,0.135,0.152,"yes","RS_C_L048_9","C_L048"
"9","Rana sylvatica","RS","C","low density","CO","L049",40,26,4,10,1,0.278,0.313,"yes","RS_C_L049_9","C_L049"
"9","Rana sylvatica","RS","C","high density","HD","L050",100,80,6,9,0.947,0.096,0.108,"no","RS_C_L050_9","C_L050"
"9","Rana sylvatica","RS","C","low density","CO","L051",40,27,4,9,1,0.25,0.281,"yes","RS_C_L051_9","C_L051"
"9","Rana sylvatica","RS","C","high density","HD","L052",100,78,6,7,0.904,0.074,0.089,"no","RS_C_L052_9","C_L052"
"9","Rana sylvatica","RS","C","low density","CO","L053",40,34,2,3,0.974,0.079,0.086,"yes","RS_C_L053_9","C_L053"
"9","Rana sylvatica","RS","C","low density","CO","L054",40,28,4,7,0.972,0.194,0.226,"yes","RS_C_L054_9","C_L054"
"9","Rana sylvatica","RS","C","low density","CO","L055",40,29,2,7,0.947,0.184,0.206,"yes","RS_C_L055_9","C_L055"
"10","Rana sylvatica","RS","C","low density","CO","L041",40,29,3,8,1,0.216,0.235,"yes","RS_C_L041","C_L041"
"10","Rana sylvatica","RS","C","high density","HD","L042",100,73,5,16,0.937,0.168,0.19,"no","RS_C_L042","C_L042"
"10","Rana sylvatica","RS","C","low density","CO","L043",40,25,4,9,0.944,0.25,0.3,"yes","RS_C_L043","C_L043"
"10","Rana sylvatica","RS","C","high density","HD","L044",101,74,5,16,0.938,0.167,0.188,"no","RS_C_L044","C_L044"
"10","Rana sylvatica","RS","C","high density","HD","L045",100,67,4,20,0.906,0.208,0.241,"no","RS_C_L045","C_L045"
"10","Rana sylvatica","RS","C","low density","CO","L046",41,30,4,6,0.973,0.162,0.188,"yes","RS_C_L046","C_L046"
"10","Rana sylvatica","RS","C","high density","HD","L047",100,75,4,18,0.969,0.188,0.202,"no","RS_C_L047","C_L047"
"10","Rana sylvatica","RS","C","low density","CO","L048",40,29,3,7,0.973,0.189,0.212,"yes","RS_C_L048","C_L048"
"10","Rana sylvatica","RS","C","low density","CO","L049",40,26,4,10,1,0.278,0.313,"yes","RS_C_L049","C_L049"
"10","Rana sylvatica","RS","C","high density","HD","L050",100,77,6,12,0.947,0.128,0.145,"no","RS_C_L050","C_L050"
"10","Rana sylvatica","RS","C","low density","CO","L051",40,27,4,9,1,0.25,0.281,"yes","RS_C_L051","C_L051"
"10","Rana sylvatica","RS","C","high density","HD","L052",100,74,6,11,0.904,0.117,0.139,"no","RS_C_L052","C_L052"
"10","Rana sylvatica","RS","C","low density","CO","L053",40,31,2,6,0.974,0.158,0.171,"yes","RS_C_L053","C_L053"
"10","Rana sylvatica","RS","C","low density","CO","L054",40,26,4,9,0.972,0.25,0.29,"yes","RS_C_L054","C_L054"
"10","Rana sylvatica","RS","C","low density","CO","L055",40,26,2,10,0.947,0.263,0.294,"yes","RS_C_L055","C_L055"
"11","Rana sylvatica","RS","A","low density","CO","L001",41,32,2,6,0.974,0.154,0.167,"yes","RS_A_L001","A_L001"
"11","Rana sylvatica","RS","A","high density","HD","L002",100,79,4,11,0.938,0.115,0.128,"no","RS_A_L002","A_L002"
"11","Rana sylvatica","RS","A","low density","CO","L003",40,28,4,7,0.972,0.194,0.226,"yes","RS_A_L003","A_L003"
"11","Rana sylvatica","RS","A","high density","HD","L004",100,81,4,11,0.958,0.115,0.125,"no","RS_A_L004","A_L004"
"11","Rana sylvatica","RS","A","high density","HD","L005",100,80,4,12,0.958,0.125,0.136,"no","RS_A_L005","A_L005"
"11","Rana sylvatica","RS","A","low density","CO","L006",40,24,4,9,0.917,0.25,0.31,"yes","RS_A_L006","A_L006"
"11","Rana sylvatica","RS","A","high density","HD","L007",100,83,4,7,0.938,0.073,0.081,"no","RS_A_L007","A_L007"
"11","Rana sylvatica","RS","A","low density","CO","L008",40,30,2,7,0.974,0.184,0.2,"yes","RS_A_L008","A_L008"
"11","Rana sylvatica","RS","A","low density","CO","L009",41,30,4,6,0.973,0.162,0.188,"yes","RS_A_L009","A_L009"
"11","Rana sylvatica","RS","A","high density","HD","L010",100,81,3,12,0.959,0.124,0.133,"no","RS_A_L010","A_L010"
"11","Rana sylvatica","RS","A","low density","CO","L011",40,31,2,7,1,0.184,0.194,"yes","RS_A_L011","A_L011"
"11","Rana sylvatica","RS","A","high density","HD","L012",100,81,4,11,0.958,0.115,0.125,"no","RS_A_L012","A_L012"
"11","Rana sylvatica","RS","A","high density","HD","L013",100,85,3,12,1,0.124,0.128,"no","RS_A_L013","A_L013"
"11","Rana sylvatica","RS","A","low density","CO","L014",40,29,4,6,0.972,0.167,0.194,"yes","RS_A_L014","A_L014"
"11","Rana sylvatica","RS","A","high density","HD","L015",100,81,4,12,0.969,0.125,0.135,"no","RS_A_L015","A_L015"
"11","Rana sylvatica","RS","A","low density","CO","L016",40,31,2,6,0.974,0.158,0.171,"yes","RS_A_L016","A_L016"
"11","Rana sylvatica","RS","A","low density","CO","L017",40,29,4,6,0.972,0.167,0.194,"yes","RS_A_L017","A_L017"
"11","Rana sylvatica","RS","A","low density","CO","L019",40,28,2,9,0.974,0.237,0.257,"yes","RS_A_L019","A_L019"
"10","Rana sylvatica","RS","B","low density","CO","L021",40,24,4,10,0.944,0.278,0.333,"yes","RS_B_L021","B_L021"
"10","Rana sylvatica","RS","B","high density","HD","L022",100,75,4,15,0.938,0.156,0.174,"no","RS_B_L022","B_L022"
"10","Rana sylvatica","RS","B","low density","CO","L023",40,23,3,9,0.865,0.243,0.31,"yes","RS_B_L023","B_L023"
"10","Rana sylvatica","RS","B","high density","HD","L024",100,77,4,15,0.958,0.156,0.17,"no","RS_B_L024","B_L024"
"10","Rana sylvatica","RS","B","high density","HD","L025",100,80,4,11,0.948,0.115,0.126,"no","RS_B_L025","B_L025"
"10","Rana sylvatica","RS","B","low density","CO","L026",40,27,4,8,0.972,0.222,0.258,"yes","RS_B_L026","B_L026"
"10","Rana sylvatica","RS","B","high density","HD","L027",100,72,3,13,0.876,0.134,0.159,"no","RS_B_L027","B_L027"
"10","Rana sylvatica","RS","B","low density","CO","L028",40,28,4,7,0.972,0.194,0.226,"yes","RS_B_L028","B_L028"
"10","Rana sylvatica","RS","B","low density","CO","L029",40,28,4,8,1,0.222,0.25,"yes","RS_B_L029","B_L029"
"10","Rana sylvatica","RS","B","high density","HD","L030",100,83,4,6,0.927,0.063,0.071,"no","RS_B_L030","B_L030"
"10","Rana sylvatica","RS","B","low density","CO","L031",40,26,4,10,1,0.278,0.313,"yes","RS_B_L031","B_L031"
"10","Rana sylvatica","RS","B","high density","HD","L032",100,79,3,15,0.969,0.155,0.165,"no","RS_B_L032","B_L032"
"10","Rana sylvatica","RS","B","high density","HD","L033",100,81,4,11,0.958,0.115,0.125,"no","RS_B_L033","B_L033"
"10","Rana sylvatica","RS","B","low density","CO","L034",40,30,3,6,0.973,0.162,0.182,"no","RS_B_L034","B_L034"
"10","Rana sylvatica","RS","B","high density","HD","L035",100,79,4,15,0.979,0.156,0.167,"no","RS_B_L035","B_L035"
"10","Rana sylvatica","RS","B","low density","CO","L036",41,28,4,9,1,0.243,0.273,"no","RS_B_L036","B_L036"
