gs,gs.code,clutch,treatment,treatment.code,larv.tank.id,animal.id,first.six,first.10perc,date.forelimb,days.forelimb,date.tail.resorb,days.tail.resorb,days.forelimb.tail,juv.tank.id,unique.id,clutchtank
Rana sylvatica,RS,A,low density,CO,L001,1,yes,yes,6/4/23,54,6/7/23,51,3,J003,RS_A_L001,A_L001
Rana sylvatica,RS,A,low density,CO,L001,2,yes,yes,6/7/23,57,6/10/23,54,3,J003,RS_A_L001,A_L001
Rana sylvatica,RS,A,low density,CO,L001,3,yes,yes,6/8/23,58,6/11/23,55,3,J007,RS_A_L001,A_L001
Rana sylvatica,RS,A,low density,CO,L001,4,yes,yes,6/14/23,64,6/16/23,60,2,J011,RS_A_L001,A_L001
Rana sylvatica,RS,A,low density,CO,L001,5,yes,no,6/17/23,67,6/20/23,64,3,J019,RS_A_L001,A_L001
Rana sylvatica,RS,A,low density,CO,L001,6,yes,no,6/20/23,70,6/23/23,67,3,J024,RS_A_L001,A_L001
Rana sylvatica,RS,A,high density,HD,L002,1,yes,yes,6/9/23,59,6/11/23,55,2,J005,RS_A_L002,A_L002
Rana sylvatica,RS,A,high density,HD,L002,2,yes,yes,6/13/23,63,6/16/23,60,3,J013,RS_A_L002,A_L002
Rana sylvatica,RS,A,high density,HD,L002,3,yes,yes,6/14/23,64,6/17/23,61,3,J013,RS_A_L002,A_L002
Rana sylvatica,RS,A,high density,HD,L002,4,yes,yes,6/17/23,67,6/19/23,63,2,J018,RS_A_L002,A_L002
Rana sylvatica,RS,A,high density,HD,L002,5,yes,yes,6/17/23,67,NA,NA,NA,NA,RS_A_L002,A_L002
Rana sylvatica,RS,A,high density,HD,L002,6,yes,yes,6/18/23,68,6/19/23,63,1,J018,RS_A_L002,A_L002
Rana sylvatica,RS,A,high density,HD,L002,7,no,yes,6/19/23,69,6/23/23,67,4,NA,RS_A_L002,A_L002
Rana sylvatica,RS,A,high density,HD,L002,8,no,yes,6/20/23,70,NA,NA,NA,NA,RS_A_L002,A_L002
Rana sylvatica,RS,A,high density,HD,L002,9,no,yes,6/21/23,71,NA,NA,NA,NA,RS_A_L002,A_L002
Rana sylvatica,RS,A,high density,HD,L002,10,no,yes,6/23/23,73,NA,NA,NA,NA,RS_A_L002,A_L002
Rana sylvatica,RS,A,low density,CO,L003,1,yes,yes,6/6/23,56,6/9/23,53,3,J003,RS_A_L003,A_L003
Rana sylvatica,RS,A,low density,CO,L003,2,yes,yes,6/7/23,57,6/11/23,55,4,J007,RS_A_L003,A_L003
Rana sylvatica,RS,A,low density,CO,L003,3,yes,yes,6/15/23,65,6/18/23,62,3,J019,RS_A_L003,A_L003
Rana sylvatica,RS,A,low density,CO,L003,4,yes,yes,6/15/23,65,6/19/23,63,4,J019,RS_A_L003,A_L003
Rana sylvatica,RS,A,low density,CO,L003,5,yes,no,6/16/23,66,6/19/23,63,3,J019,RS_A_L003,A_L003
Rana sylvatica,RS,A,low density,CO,L003,6,yes,no,6/19/23,69,6/22/23,66,3,J019,RS_A_L003,A_L003
Rana sylvatica,RS,A,high density,HD,L004,1,yes,yes,6/7/23,57,6/11/23,55,4,J005,RS_A_L004,A_L004
Rana sylvatica,RS,A,high density,HD,L004,2,yes,yes,6/13/23,63,6/16/23,60,3,J013,RS_A_L004,A_L004
Rana sylvatica,RS,A,high density,HD,L004,3,yes,yes,6/14/23,64,6/17/23,61,3,J018,RS_A_L004,A_L004
Rana sylvatica,RS,A,high density,HD,L004,4,yes,yes,6/15/23,65,6/18/23,62,3,J018,RS_A_L004,A_L004
Rana sylvatica,RS,A,high density,HD,L004,5,yes,yes,6/18/23,68,6/20/23,64,2,J022,RS_A_L004,A_L004
Rana sylvatica,RS,A,high density,HD,L004,6,yes,yes,6/19/23,69,6/21/23,65,2,J022,RS_A_L004,A_L004
Rana sylvatica,RS,A,high density,HD,L004,7,no,yes,6/19/23,69,NA,NA,NA,NA,RS_A_L004,A_L004
Rana sylvatica,RS,A,high density,HD,L004,8,no,yes,6/20/23,70,NA,NA,NA,NA,RS_A_L004,A_L004
Rana sylvatica,RS,A,high density,HD,L004,9,no,yes,6/20/23,70,NA,NA,NA,NA,RS_A_L004,A_L004
Rana sylvatica,RS,A,high density,HD,L004,10,no,yes,6/20/23,70,NA,NA,NA,NA,RS_A_L004,A_L004
Rana sylvatica,RS,A,high density,HD,L005,1,yes,yes,6/4/23,54,6/8/23,52,4,J005,RS_A_L005,A_L005
Rana sylvatica,RS,A,high density,HD,L005,2,yes,yes,6/12/23,62,6/15/23,59,3,J013,RS_A_L005,A_L005
Rana sylvatica,RS,A,high density,HD,L005,3,yes,yes,6/12/23,62,6/15/23,59,3,J013,RS_A_L005,A_L005
Rana sylvatica,RS,A,high density,HD,L005,4,yes,yes,6/13/23,63,6/16/23,60,3,J013,RS_A_L005,A_L005
Rana sylvatica,RS,A,high density,HD,L005,5,yes,yes,6/17/23,67,6/20/23,64,3,J022,RS_A_L005,A_L005
Rana sylvatica,RS,A,high density,HD,L005,6,yes,yes,6/19/23,69,6/21/23,65,2,J022,RS_A_L005,A_L005
Rana sylvatica,RS,A,high density,HD,L005,7,no,yes,6/19/23,69,6/22/23,66,3,NA,RS_A_L005,A_L005
Rana sylvatica,RS,A,high density,HD,L005,8,no,yes,6/19/23,69,6/22/23,66,3,NA,RS_A_L005,A_L005
Rana sylvatica,RS,A,high density,HD,L005,9,no,yes,6/19/23,69,6/23/23,67,4,NA,RS_A_L005,A_L005
Rana sylvatica,RS,A,high density,HD,L005,10,no,yes,6/20/23,70,NA,NA,NA,NA,RS_A_L005,A_L005
Rana sylvatica,RS,A,low density,CO,L006,1,yes,yes,6/6/23,56,6/9/23,53,3,J003,RS_A_L006,A_L006
Rana sylvatica,RS,A,low density,CO,L006,2,yes,yes,6/8/23,58,6/10/23,54,2,NA,RS_A_L006,A_L006
Rana sylvatica,RS,A,low density,CO,L006,3,yes,yes,6/10/23,60,6/13/23,57,3,J007,RS_A_L006,A_L006
Rana sylvatica,RS,A,low density,CO,L006,4,yes,yes,6/11/23,61,6/13/23,57,2,J007,RS_A_L006,A_L006
Rana sylvatica,RS,A,low density,CO,L006,5,yes,no,6/14/23,64,6/18/23,62,4,J011,RS_A_L006,A_L006
Rana sylvatica,RS,A,low density,CO,L006,6,yes,no,6/17/23,67,6/20/23,64,3,J019,RS_A_L006,A_L006
Rana sylvatica,RS,A,high density,HD,L007,1,yes,yes,6/13/23,63,6/16/23,60,3,J013,RS_A_L007,A_L007
Rana sylvatica,RS,A,high density,HD,L007,2,yes,yes,6/14/23,64,6/17/23,61,3,J018,RS_A_L007,A_L007
Rana sylvatica,RS,A,high density,HD,L007,3,yes,yes,6/17/23,67,6/20/23,64,3,J022,RS_A_L007,A_L007
Rana sylvatica,RS,A,high density,HD,L007,4,yes,yes,6/18/23,68,6/22/23,66,4,J022,RS_A_L007,A_L007
Rana sylvatica,RS,A,high density,HD,L007,5,yes,yes,6/18/23,68,6/21/23,65,3,J022,RS_A_L007,A_L007
Rana sylvatica,RS,A,high density,HD,L007,6,yes,yes,6/19/23,69,6/21/23,65,2,J022,RS_A_L007,A_L007
Rana sylvatica,RS,A,high density,HD,L007,7,no,yes,6/19/23,69,6/23/23,67,4,NA,RS_A_L007,A_L007
Rana sylvatica,RS,A,low density,CO,L008,1,yes,yes,6/4/23,54,6/8/23,52,4,J003,RS_A_L008,A_L008
Rana sylvatica,RS,A,low density,CO,L008,2,yes,yes,6/8/23,58,6/11/23,55,3,J007,RS_A_L008,A_L008
Rana sylvatica,RS,A,low density,CO,L008,3,yes,yes,6/10/23,60,6/14/23,58,4,J011,RS_A_L008,A_L008
Rana sylvatica,RS,A,low density,CO,L008,4,yes,yes,6/13/23,63,6/16/23,60,3,J011,RS_A_L008,A_L008
Rana sylvatica,RS,A,low density,CO,L008,5,yes,no,6/14/23,64,6/18/23,62,4,J011,RS_A_L008,A_L008
Rana sylvatica,RS,A,low density,CO,L008,6,yes,no,6/15/23,65,6/18/23,62,3,J011,RS_A_L008,A_L008
Rana sylvatica,RS,A,low density,CO,L009,1,yes,yes,6/6/23,56,6/9/23,53,3,J003,RS_A_L009,A_L009
Rana sylvatica,RS,A,low density,CO,L009,2,yes,yes,6/11/23,61,6/14/23,58,3,J011,RS_A_L009,A_L009
Rana sylvatica,RS,A,low density,CO,L009,3,yes,yes,6/15/23,65,6/18/23,62,3,J011,RS_A_L009,A_L009
Rana sylvatica,RS,A,low density,CO,L009,4,yes,yes,6/15/23,65,6/19/23,63,4,J019,RS_A_L009,A_L009
Rana sylvatica,RS,A,low density,CO,L009,5,yes,no,6/19/23,69,6/22/23,66,3,J019,RS_A_L009,A_L009
Rana sylvatica,RS,A,low density,CO,L009,6,yes,no,6/23/23,73,6/26/23,70,3,J024,RS_A_L009,A_L009
Rana sylvatica,RS,A,high density,HD,L010,1,yes,yes,6/3/23,53,6/6/23,50,3,J005,RS_A_L010,A_L010
Rana sylvatica,RS,A,high density,HD,L010,2,yes,yes,6/8/23,58,6/10/23,54,2,J005,RS_A_L010,A_L010
Rana sylvatica,RS,A,high density,HD,L010,3,yes,yes,6/10/23,60,6/13/23,57,3,J005,RS_A_L010,A_L010
Rana sylvatica,RS,A,high density,HD,L010,4,yes,yes,6/11/23,61,6/13/23,57,2,J005,RS_A_L010,A_L010
Rana sylvatica,RS,A,high density,HD,L010,5,yes,yes,6/12/23,62,6/15/23,59,3,J013,RS_A_L010,A_L010
Rana sylvatica,RS,A,high density,HD,L010,6,yes,yes,6/14/23,64,6/17/23,61,3,J018,RS_A_L010,A_L010
Rana sylvatica,RS,A,high density,HD,L010,7,no,yes,6/14/23,64,6/17/23,61,3,NA,RS_A_L010,A_L010
Rana sylvatica,RS,A,high density,HD,L010,8,no,yes,6/15/23,65,6/19/23,63,4,NA,RS_A_L010,A_L010
Rana sylvatica,RS,A,high density,HD,L010,9,no,yes,6/19/23,69,6/22/23,66,3,NA,RS_A_L010,A_L010
Rana sylvatica,RS,A,high density,HD,L010,10,no,yes,6/22/23,72,NA,NA,NA,NA,RS_A_L010,A_L010
Rana sylvatica,RS,A,low density,CO,L011,1,yes,yes,6/6/23,56,6/9/23,53,3,J003,RS_A_L011,A_L011
Rana sylvatica,RS,A,low density,CO,L011,2,yes,yes,6/14/23,64,6/18/23,62,4,J011,RS_A_L011,A_L011
Rana sylvatica,RS,A,low density,CO,L011,3,yes,yes,6/16/23,66,6/19/23,63,3,J019,RS_A_L011,A_L011
Rana sylvatica,RS,A,low density,CO,L011,4,yes,yes,6/19/23,69,6/22/23,66,3,J019,RS_A_L011,A_L011
Rana sylvatica,RS,A,low density,CO,L011,5,yes,no,6/20/23,70,6/23/23,67,3,J024,RS_A_L011,A_L011
Rana sylvatica,RS,A,low density,CO,L011,6,yes,no,6/22/23,72,6/25/23,69,3,J024,RS_A_L011,A_L011
Rana sylvatica,RS,A,high density,HD,L012,1,yes,yes,6/7/23,57,6/10/23,54,3,J005,RS_A_L012,A_L012
Rana sylvatica,RS,A,high density,HD,L012,2,yes,yes,6/10/23,60,6/13/23,57,3,J005,RS_A_L012,A_L012
Rana sylvatica,RS,A,high density,HD,L012,3,yes,yes,6/12/23,62,6/16/23,60,4,J013,RS_A_L012,A_L012
Rana sylvatica,RS,A,high density,HD,L012,4,yes,yes,6/14/23,64,6/18/23,62,4,J018,RS_A_L012,A_L012
Rana sylvatica,RS,A,high density,HD,L012,5,yes,yes,6/19/23,69,6/22/23,66,3,J022,RS_A_L012,A_L012
Rana sylvatica,RS,A,high density,HD,L012,6,yes,yes,6/19/23,69,6/23/23,67,4,J022,RS_A_L012,A_L012
Rana sylvatica,RS,A,high density,HD,L012,7,no,yes,6/20/23,70,NA,NA,NA,NA,RS_A_L012,A_L012
Rana sylvatica,RS,A,high density,HD,L012,8,no,yes,6/20/23,70,NA,NA,NA,NA,RS_A_L012,A_L012
Rana sylvatica,RS,A,high density,HD,L012,9,no,yes,6/21/23,71,NA,NA,NA,NA,RS_A_L012,A_L012
Rana sylvatica,RS,A,high density,HD,L012,10,no,yes,6/23/23,73,NA,NA,NA,NA,RS_A_L012,A_L012
Rana sylvatica,RS,A,high density,HD,L013,1,yes,yes,6/7/23,57,NA,NA,NA,NA,RS_A_L013,A_L013
Rana sylvatica,RS,A,high density,HD,L013,2,yes,yes,6/12/23,62,6/14/23,58,2,J005,RS_A_L013,A_L013
Rana sylvatica,RS,A,high density,HD,L013,3,yes,yes,6/13/23,63,6/16/23,60,3,J013,RS_A_L013,A_L013
Rana sylvatica,RS,A,high density,HD,L013,4,yes,yes,6/13/23,63,6/16/23,60,3,J013,RS_A_L013,A_L013
Rana sylvatica,RS,A,high density,HD,L013,5,yes,yes,6/14/23,64,6/17/23,61,3,J018,RS_A_L013,A_L013
Rana sylvatica,RS,A,high density,HD,L013,6,yes,yes,6/15/23,65,6/18/23,62,3,J018,RS_A_L013,A_L013
Rana sylvatica,RS,A,high density,HD,L013,7,no,yes,6/17/23,67,6/20/23,64,3,NA,RS_A_L013,A_L013
Rana sylvatica,RS,A,high density,HD,L013,8,no,yes,6/17/23,67,6/22/23,66,5,NA,RS_A_L013,A_L013
Rana sylvatica,RS,A,high density,HD,L013,9,no,yes,6/19/23,69,6/22/23,66,3,NA,RS_A_L013,A_L013
Rana sylvatica,RS,A,high density,HD,L013,10,no,yes,6/19/23,69,6/24/23,68,5,NA,RS_A_L013,A_L013
Rana sylvatica,RS,A,low density,CO,L014,1,yes,yes,6/1/23,51,6/4/23,48,3,J003,RS_A_L014,A_L014
Rana sylvatica,RS,A,low density,CO,L014,2,yes,yes,6/9/23,59,6/11/23,55,2,J007,RS_A_L014,A_L014
Rana sylvatica,RS,A,low density,CO,L014,3,yes,yes,6/13/23,63,6/16/23,60,3,J011,RS_A_L014,A_L014
Rana sylvatica,RS,A,low density,CO,L014,4,yes,yes,6/15/23,65,6/18/23,62,3,J011,RS_A_L014,A_L014
Rana sylvatica,RS,A,low density,CO,L014,5,yes,no,6/17/23,67,6/22/23,66,5,J019,RS_A_L014,A_L014
Rana sylvatica,RS,A,low density,CO,L014,6,yes,no,6/20/23,70,6/24/23,68,4,J024,RS_A_L014,A_L014
Rana sylvatica,RS,A,high density,HD,L015,1,yes,yes,6/8/23,58,6/11/23,55,3,J005,RS_A_L015,A_L015
Rana sylvatica,RS,A,high density,HD,L015,2,yes,yes,6/11/23,61,6/14/23,58,3,J005,RS_A_L015,A_L015
Rana sylvatica,RS,A,high density,HD,L015,3,yes,yes,6/12/23,62,6/15/23,59,3,J013,RS_A_L015,A_L015
Rana sylvatica,RS,A,high density,HD,L015,4,yes,yes,6/14/23,64,6/17/23,61,3,J018,RS_A_L015,A_L015
Rana sylvatica,RS,A,high density,HD,L015,5,yes,yes,6/14/23,64,6/18/23,62,4,J018,RS_A_L015,A_L015
Rana sylvatica,RS,A,high density,HD,L015,6,yes,yes,6/17/23,67,6/19/23,63,2,J018,RS_A_L015,A_L015
Rana sylvatica,RS,A,high density,HD,L015,7,no,yes,6/17/23,67,6/20/23,64,3,NA,RS_A_L015,A_L015
Rana sylvatica,RS,A,high density,HD,L015,8,no,yes,6/17/23,67,6/22/23,66,5,NA,RS_A_L015,A_L015
Rana sylvatica,RS,A,high density,HD,L015,9,no,yes,6/18/23,68,6/22/23,66,4,NA,RS_A_L015,A_L015
Rana sylvatica,RS,A,high density,HD,L015,10,no,yes,6/20/23,70,NA,NA,NA,NA,RS_A_L015,A_L015
Rana sylvatica,RS,A,low density,CO,L016,1,yes,yes,6/5/23,55,6/8/23,52,3,J003,RS_A_L016,A_L016
Rana sylvatica,RS,A,low density,CO,L016,2,yes,yes,6/11/23,61,6/13/23,57,2,J007,RS_A_L016,A_L016
Rana sylvatica,RS,A,low density,CO,L016,3,yes,yes,6/14/23,64,6/17/23,61,3,J011,RS_A_L016,A_L016
Rana sylvatica,RS,A,low density,CO,L016,4,yes,yes,6/19/23,69,6/22/23,66,3,J024,RS_A_L016,A_L016
Rana sylvatica,RS,A,low density,CO,L016,5,yes,no,6/21/23,71,6/25/23,69,4,J024,RS_A_L016,A_L016
Rana sylvatica,RS,A,low density,CO,L016,6,yes,no,6/23/23,73,6/26/23,70,3,J024,RS_A_L016,A_L016
Rana sylvatica,RS,A,low density,CO,L017,1,yes,yes,6/7/23,57,6/10/23,54,3,J003,RS_A_L017,A_L017
Rana sylvatica,RS,A,low density,CO,L017,2,yes,yes,6/9/23,59,6/11/23,55,2,J007,RS_A_L017,A_L017
Rana sylvatica,RS,A,low density,CO,L017,3,yes,yes,6/11/23,61,6/13/23,57,2,J007,RS_A_L017,A_L017
Rana sylvatica,RS,A,low density,CO,L017,4,yes,yes,6/15/23,65,6/18/23,62,3,J019,RS_A_L017,A_L017
Rana sylvatica,RS,A,low density,CO,L017,5,yes,no,6/21/23,71,6/24/23,68,3,J024,RS_A_L017,A_L017
Rana sylvatica,RS,A,low density,CO,L017,6,yes,no,6/21/23,71,6/25/23,69,4,J024,RS_A_L017,A_L017
Rana sylvatica,RS,A,low density,CO,L019,1,yes,yes,6/2/23,52,6/5/23,49,3,J003,RS_A_L019,A_L019
Rana sylvatica,RS,A,low density,CO,L019,2,yes,yes,6/5/23,55,6/8/23,52,3,J003,RS_A_L019,A_L019
Rana sylvatica,RS,A,low density,CO,L019,3,yes,yes,6/6/23,56,6/9/23,53,3,J003,RS_A_L019,A_L019
Rana sylvatica,RS,A,low density,CO,L019,4,yes,yes,6/8/23,58,6/10/23,54,2,J007,RS_A_L019,A_L019
Rana sylvatica,RS,A,low density,CO,L019,5,yes,no,6/8/23,58,6/11/23,55,3,J007,RS_A_L019,A_L019
Rana sylvatica,RS,A,low density,CO,L019,6,yes,no,6/10/23,60,6/13/23,57,3,J007,RS_A_L019,A_L019
Rana sylvatica,RS,B,low density,CO,L021,1,yes,yes,6/3/23,47,6/7/23,51,4,J001,RS_B_L021,B_L021
Rana sylvatica,RS,B,low density,CO,L021,2,yes,yes,6/7/23,51,6/11/23,55,4,J001,RS_B_L021,B_L021
Rana sylvatica,RS,B,low density,CO,L021,3,yes,yes,6/9/23,53,6/13/23,57,4,J009,RS_B_L021,B_L021
Rana sylvatica,RS,B,low density,CO,L021,4,yes,yes,6/12/23,56,6/16/23,60,4,J014,RS_B_L021,B_L021
Rana sylvatica,RS,B,low density,CO,L021,5,yes,no,6/13/23,57,6/16/23,60,3,J014,RS_B_L021,B_L021
Rana sylvatica,RS,B,low density,CO,L021,6,yes,no,6/13/23,57,6/16/23,60,3,J014,RS_B_L021,B_L021
Rana sylvatica,RS,B,high density,HD,L022,1,yes,yes,6/11/23,55,6/14/23,58,3,J006,RS_B_L022,B_L022
Rana sylvatica,RS,B,high density,HD,L022,2,yes,yes,6/14/23,58,6/17/23,61,3,J015,RS_B_L022,B_L022
Rana sylvatica,RS,B,high density,HD,L022,3,yes,yes,6/14/23,58,6/18/23,62,4,J020,RS_B_L022,B_L022
Rana sylvatica,RS,B,high density,HD,L022,4,yes,yes,6/15/23,59,6/18/23,62,3,J020,RS_B_L022,B_L022
Rana sylvatica,RS,B,high density,HD,L022,5,yes,yes,6/15/23,59,6/19/23,63,4,J020,RS_B_L022,B_L022
Rana sylvatica,RS,B,high density,HD,L022,6,yes,yes,6/15/23,59,6/18/23,62,3,J020,RS_B_L022,B_L022
Rana sylvatica,RS,B,high density,HD,L022,7,no,yes,6/17/23,61,6/20/23,64,3,NA,RS_B_L022,B_L022
Rana sylvatica,RS,B,high density,HD,L022,8,no,yes,6/17/23,61,6/21/23,65,4,NA,RS_B_L022,B_L022
Rana sylvatica,RS,B,high density,HD,L022,9,no,yes,6/18/23,62,6/22/23,66,4,NA,RS_B_L022,B_L022
Rana sylvatica,RS,B,high density,HD,L022,10,no,yes,6/18/23,62,6/22/23,66,4,NA,RS_B_L022,B_L022
Rana sylvatica,RS,B,low density,CO,L023,1,yes,yes,6/5/23,49,6/8/23,52,3,J001,RS_B_L023,B_L023
Rana sylvatica,RS,B,low density,CO,L023,2,yes,yes,6/5/23,49,6/8/23,52,3,J001,RS_B_L023,B_L023
Rana sylvatica,RS,B,low density,CO,L023,3,yes,yes,6/8/23,52,6/11/23,55,3,J009,RS_B_L023,B_L023
Rana sylvatica,RS,B,low density,CO,L023,4,yes,yes,6/11/23,55,6/15/23,59,4,J009,RS_B_L023,B_L023
Rana sylvatica,RS,B,low density,CO,L023,5,yes,no,6/14/23,58,6/17/23,61,3,J014,RS_B_L023,B_L023
Rana sylvatica,RS,B,low density,CO,L023,6,yes,no,6/20/23,64,6/23/23,67,3,J021,RS_B_L023,B_L023
Rana sylvatica,RS,B,high density,HD,L024,1,yes,yes,6/5/23,49,6/8/23,52,3,J006,RS_B_L024,B_L024
Rana sylvatica,RS,B,high density,HD,L024,2,yes,yes,6/9/23,53,6/12/23,56,3,J006,RS_B_L024,B_L024
Rana sylvatica,RS,B,high density,HD,L024,3,yes,yes,6/11/23,55,6/14/23,58,3,J006,RS_B_L024,B_L024
Rana sylvatica,RS,B,high density,HD,L024,4,yes,yes,6/12/23,56,6/15/23,59,3,J006,RS_B_L024,B_L024
Rana sylvatica,RS,B,high density,HD,L024,5,yes,yes,6/13/23,57,6/16/23,60,3,J015,RS_B_L024,B_L024
Rana sylvatica,RS,B,high density,HD,L024,6,yes,yes,6/14/23,58,6/17/23,61,3,J015,RS_B_L024,B_L024
Rana sylvatica,RS,B,high density,HD,L024,7,no,yes,6/15/23,59,6/19/23,63,4,NA,RS_B_L024,B_L024
Rana sylvatica,RS,B,high density,HD,L024,8,no,yes,6/16/23,60,6/20/23,64,4,NA,RS_B_L024,B_L024
Rana sylvatica,RS,B,high density,HD,L024,9,no,yes,6/19/23,63,6/21/23,65,2,NA,RS_B_L024,B_L024
Rana sylvatica,RS,B,high density,HD,L024,10,no,yes,6/19/23,63,6/21/23,65,2,NA,RS_B_L024,B_L024
Rana sylvatica,RS,B,high density,HD,L025,1,yes,yes,6/10/23,54,6/13/23,57,3,J006,RS_B_L025,B_L025
Rana sylvatica,RS,B,high density,HD,L025,2,yes,yes,6/12/23,56,6/15/23,59,3,J006,RS_B_L025,B_L025
Rana sylvatica,RS,B,high density,HD,L025,3,yes,yes,6/14/23,58,6/17/23,61,3,J015,RS_B_L025,B_L025
Rana sylvatica,RS,B,high density,HD,L025,4,yes,yes,6/14/23,58,6/18/23,62,4,J020,RS_B_L025,B_L025
Rana sylvatica,RS,B,high density,HD,L025,5,yes,yes,6/15/23,59,6/18/23,62,3,J020,RS_B_L025,B_L025
Rana sylvatica,RS,B,high density,HD,L025,6,yes,yes,6/17/23,61,6/22/23,66,5,J023,RS_B_L025,B_L025
Rana sylvatica,RS,B,high density,HD,L025,7,no,yes,6/21/23,65,NA,NA,NA,NA,RS_B_L025,B_L025
Rana sylvatica,RS,B,low density,CO,L026,1,yes,yes,5/31/23,44,6/2/23,46,2,J001,RS_B_L026,B_L026
Rana sylvatica,RS,B,low density,CO,L026,2,yes,yes,6/16/23,60,6/19/23,63,3,J014,RS_B_L026,B_L026
Rana sylvatica,RS,B,low density,CO,L026,3,yes,yes,6/16/23,60,6/19/23,63,3,J014,RS_B_L026,B_L026
Rana sylvatica,RS,B,low density,CO,L026,4,yes,yes,6/16/23,60,6/19/23,63,3,J021,RS_B_L026,B_L026
Rana sylvatica,RS,B,low density,CO,L026,5,yes,no,6/18/23,62,6/22/23,66,4,J021,RS_B_L026,B_L026
Rana sylvatica,RS,B,low density,CO,L026,6,yes,no,6/19/23,63,6/21/23,65,2,J021,RS_B_L026,B_L026
Rana sylvatica,RS,B,high density,HD,L027,1,yes,yes,6/9/23,53,6/12/23,56,3,J006,RS_B_L027,B_L027
Rana sylvatica,RS,B,high density,HD,L027,2,yes,yes,6/15/23,59,6/19/23,63,4,J020,RS_B_L027,B_L027
Rana sylvatica,RS,B,high density,HD,L027,3,yes,yes,6/17/23,61,6/20/23,64,3,NA,RS_B_L027,B_L027
Rana sylvatica,RS,B,high density,HD,L027,4,yes,yes,6/17/23,61,6/20/23,64,3,J023,RS_B_L027,B_L027
Rana sylvatica,RS,B,high density,HD,L027,5,yes,yes,6/17/23,61,6/21/23,65,4,NA,RS_B_L027,B_L027
Rana sylvatica,RS,B,high density,HD,L027,6,yes,yes,6/18/23,62,6/22/23,66,4,J023,RS_B_L027,B_L027
Rana sylvatica,RS,B,high density,HD,L027,7,no,yes,6/19/23,63,6/22/23,66,3,NA,RS_B_L027,B_L027
Rana sylvatica,RS,B,high density,HD,L027,8,no,yes,6/19/23,63,6/22/23,66,3,NA,RS_B_L027,B_L027
Rana sylvatica,RS,B,high density,HD,L027,9,no,yes,6/19/23,63,NA,NA,NA,NA,RS_B_L027,B_L027
Rana sylvatica,RS,B,high density,HD,L027,10,no,yes,6/20/23,64,NA,NA,NA,NA,RS_B_L027,B_L027
Rana sylvatica,RS,B,low density,CO,L028,1,yes,yes,6/6/23,50,6/9/23,53,3,J001,RS_B_L028,B_L028
Rana sylvatica,RS,B,low density,CO,L028,2,yes,yes,6/7/23,51,6/9/23,53,2,J001,RS_B_L028,B_L028
Rana sylvatica,RS,B,low density,CO,L028,3,yes,yes,6/8/23,52,6/11/23,55,3,J009,RS_B_L028,B_L028
Rana sylvatica,RS,B,low density,CO,L028,4,yes,yes,6/11/23,55,6/14/23,58,3,J009,RS_B_L028,B_L028
Rana sylvatica,RS,B,low density,CO,L028,5,yes,no,6/12/23,56,6/15/23,59,3,J009,RS_B_L028,B_L028
Rana sylvatica,RS,B,low density,CO,L028,6,yes,no,6/17/23,61,6/19/23,63,2,J021,RS_B_L028,B_L028
Rana sylvatica,RS,B,low density,CO,L029,1,yes,yes,6/3/23,47,6/6/23,50,3,J001,RS_B_L029,B_L029
Rana sylvatica,RS,B,low density,CO,L029,2,yes,yes,6/4/23,48,6/8/23,52,4,J001,RS_B_L029,B_L029
Rana sylvatica,RS,B,low density,CO,L029,3,yes,yes,6/6/23,50,6/10/23,54,4,J001,RS_B_L029,B_L029
Rana sylvatica,RS,B,low density,CO,L029,4,yes,yes,6/7/23,51,6/11/23,55,4,J009,RS_B_L029,B_L029
Rana sylvatica,RS,B,low density,CO,L029,5,yes,no,6/10/23,54,6/14/23,58,4,J009,RS_B_L029,B_L029
Rana sylvatica,RS,B,low density,CO,L029,6,yes,no,6/18/23,62,6/22/23,66,4,J021,RS_B_L029,B_L029
Rana sylvatica,RS,B,high density,HD,L030,1,yes,yes,6/18/23,62,6/23/23,67,5,J023,RS_B_L030,B_L030
Rana sylvatica,RS,B,high density,HD,L030,2,yes,yes,6/19/23,63,6/22/23,66,3,J023,RS_B_L030,B_L030
Rana sylvatica,RS,B,high density,HD,L030,3,yes,yes,6/20/23,64,6/24/23,68,4,J023,RS_B_L030,B_L030
Rana sylvatica,RS,B,high density,HD,L030,4,yes,yes,6/22/23,66,6/25/23,69,3,J023,RS_B_L030,B_L030
Rana sylvatica,RS,B,high density,HD,L030,5,yes,yes,6/25/23,69,6/29/23,73,4,J023,RS_B_L030,B_L030
Rana sylvatica,RS,B,high density,HD,L030,6,yes,yes,6/26/23,70,6/29/23,73,3,J023,RS_B_L030,B_L030
Rana sylvatica,RS,B,low density,CO,L031,1,yes,yes,6/4/23,48,6/7/23,51,3,J001,RS_B_L031,B_L031
Rana sylvatica,RS,B,low density,CO,L031,2,yes,yes,6/8/23,52,NA,NA,NA,NA,RS_B_L031,B_L031
Rana sylvatica,RS,B,low density,CO,L031,3,yes,yes,6/9/23,53,6/12/23,56,3,J009,RS_B_L031,B_L031
Rana sylvatica,RS,B,low density,CO,L031,4,yes,yes,6/10/23,54,6/14/23,58,4,J009,RS_B_L031,B_L031
Rana sylvatica,RS,B,low density,CO,L031,5,yes,no,6/11/23,55,6/14/23,58,3,J009,RS_B_L031,B_L031
Rana sylvatica,RS,B,low density,CO,L031,6,yes,no,6/16/23,60,6/20/23,64,4,J021,RS_B_L031,B_L031
Rana sylvatica,RS,B,high density,HD,L032,1,yes,yes,6/11/23,55,6/14/23,58,3,J006,RS_B_L032,B_L032
Rana sylvatica,RS,B,high density,HD,L032,2,yes,yes,6/14/23,58,6/17/23,61,3,J015,RS_B_L032,B_L032
Rana sylvatica,RS,B,high density,HD,L032,3,yes,yes,6/14/23,58,6/17/23,61,3,J015,RS_B_L032,B_L032
Rana sylvatica,RS,B,high density,HD,L032,4,yes,yes,6/15/23,59,6/19/23,63,4,J020,RS_B_L032,B_L032
Rana sylvatica,RS,B,high density,HD,L032,5,yes,yes,6/17/23,61,6/20/23,64,3,J020,RS_B_L032,B_L032
Rana sylvatica,RS,B,high density,HD,L032,6,yes,yes,6/18/23,62,6/21/23,65,3,J023,RS_B_L032,B_L032
Rana sylvatica,RS,B,high density,HD,L032,7,no,yes,6/18/23,62,6/21/23,65,3,NA,RS_B_L032,B_L032
Rana sylvatica,RS,B,high density,HD,L032,8,no,yes,6/19/23,63,6/22/23,66,3,NA,RS_B_L032,B_L032
Rana sylvatica,RS,B,high density,HD,L032,9,no,yes,6/19/23,63,6/22/23,66,3,NA,RS_B_L032,B_L032
Rana sylvatica,RS,B,high density,HD,L032,10,no,yes,6/19/23,63,6/23/23,67,4,NA,RS_B_L032,B_L032
Rana sylvatica,RS,B,high density,HD,L033,1,yes,yes,6/5/23,49,6/7/23,51,2,J006,RS_B_L033,B_L033
Rana sylvatica,RS,B,high density,HD,L033,2,yes,yes,6/8/23,52,6/12/23,56,4,J006,RS_B_L033,B_L033
Rana sylvatica,RS,B,high density,HD,L033,3,yes,yes,6/11/23,55,6/14/23,58,3,J006,RS_B_L033,B_L033
Rana sylvatica,RS,B,high density,HD,L033,4,yes,yes,6/13/23,57,6/17/23,61,4,J015,RS_B_L033,B_L033
Rana sylvatica,RS,B,high density,HD,L033,5,yes,yes,6/14/23,58,6/17/23,61,3,J015,RS_B_L033,B_L033
Rana sylvatica,RS,B,high density,HD,L033,6,yes,yes,6/14/23,58,6/18/23,62,4,J020,RS_B_L033,B_L033
Rana sylvatica,RS,B,high density,HD,L033,7,no,yes,6/15/23,59,6/18/23,62,3,NA,RS_B_L033,B_L033
Rana sylvatica,RS,B,high density,HD,L033,8,no,yes,6/19/23,63,6/23/23,67,4,NA,RS_B_L033,B_L033
Rana sylvatica,RS,B,high density,HD,L033,9,no,yes,6/19/23,63,6/23/23,67,4,NA,RS_B_L033,B_L033
Rana sylvatica,RS,B,high density,HD,L033,10,no,yes,6/21/23,65,NA,NA,NA,NA,RS_B_L033,B_L033
Rana sylvatica,RS,B,low density,CO,L034,1,yes,yes,6/10/23,54,6/14/23,58,4,J009,RS_B_L034,B_L034
Rana sylvatica,RS,B,low density,CO,L034,2,yes,yes,6/14/23,58,6/18/23,62,4,J014,RS_B_L034,B_L034
Rana sylvatica,RS,B,low density,CO,L034,3,yes,yes,6/14/23,58,6/18/23,62,4,J014,RS_B_L034,B_L034
Rana sylvatica,RS,B,low density,CO,L034,4,yes,yes,6/15/23,59,6/19/23,63,4,J014,RS_B_L034,B_L034
Rana sylvatica,RS,B,low density,CO,L034,5,yes,no,6/21/23,65,6/24/23,68,3,J021,RS_B_L034,B_L034
Rana sylvatica,RS,B,low density,CO,L034,6,yes,no,6/22/23,66,6/25/23,69,3,J021,RS_B_L034,B_L034
Rana sylvatica,RS,B,high density,HD,L035,1,yes,yes,6/12/23,56,6/15/23,59,3,J015,RS_B_L035,B_L035
Rana sylvatica,RS,B,high density,HD,L035,2,yes,yes,6/12/23,56,6/15/23,59,3,J015,RS_B_L035,B_L035
Rana sylvatica,RS,B,high density,HD,L035,3,yes,yes,6/12/23,56,6/16/23,60,4,J015,RS_B_L035,B_L035
Rana sylvatica,RS,B,high density,HD,L035,4,yes,yes,6/13/23,57,6/16/23,60,3,J015,RS_B_L035,B_L035
Rana sylvatica,RS,B,high density,HD,L035,5,yes,yes,6/16/23,60,6/19/23,63,3,J020,RS_B_L035,B_L035
Rana sylvatica,RS,B,high density,HD,L035,6,yes,yes,6/16/23,60,6/20/23,64,4,J020,RS_B_L035,B_L035
Rana sylvatica,RS,B,high density,HD,L035,7,no,yes,6/17/23,61,6/21/23,65,4,NA,RS_B_L035,B_L035
Rana sylvatica,RS,B,high density,HD,L035,8,no,yes,6/17/23,61,6/21/23,65,4,NA,RS_B_L035,B_L035
Rana sylvatica,RS,B,high density,HD,L035,9,no,yes,6/17/23,61,6/21/23,65,4,NA,RS_B_L035,B_L035
Rana sylvatica,RS,B,high density,HD,L035,10,no,yes,6/18/23,62,6/20/23,64,2,NA,RS_B_L035,B_L035
Rana sylvatica,RS,B,low density,CO,L036,1,yes,yes,6/3/23,47,6/6/23,50,3,J001,RS_B_L036,B_L036
Rana sylvatica,RS,B,low density,CO,L036,2,yes,yes,6/7/23,51,NA,NA,NA,NA,RS_B_L036,B_L036
Rana sylvatica,RS,B,low density,CO,L036,3,yes,yes,6/12/23,56,6/15/23,59,3,J014,RS_B_L036,B_L036
Rana sylvatica,RS,B,low density,CO,L036,4,yes,yes,6/15/23,59,6/19/23,63,4,J014,RS_B_L036,B_L036
Rana sylvatica,RS,B,low density,CO,L036,5,yes,no,6/15/23,59,6/19/23,63,4,NA,RS_B_L036,B_L036
Rana sylvatica,RS,B,low density,CO,L036,6,yes,no,6/17/23,61,6/21/23,65,4,J021,RS_B_L036,B_L036
Rana sylvatica,RS,C,low density,CO,L041,1,yes,yes,6/5/23,49,6/9/23,53,4,J004,RS_C_L041,C_L041
Rana sylvatica,RS,C,low density,CO,L041,2,yes,yes,6/6/23,50,6/10/23,54,4,J004,RS_C_L041,C_L041
Rana sylvatica,RS,C,low density,CO,L041,3,yes,yes,6/6/23,50,6/9/23,53,3,J004,RS_C_L041,C_L041
Rana sylvatica,RS,C,low density,CO,L041,4,yes,yes,6/12/23,56,6/16/23,60,4,J010,RS_C_L041,C_L041
Rana sylvatica,RS,C,low density,CO,L041,5,yes,no,6/16/23,60,6/19/23,63,3,J016,RS_C_L041,C_L041
Rana sylvatica,RS,C,low density,CO,L041,6,yes,no,6/18/23,62,6/21/23,65,3,J016,RS_C_L041,C_L041
Rana sylvatica,RS,C,high density,HD,L042,1,yes,yes,6/2/23,46,6/4/23,48,2,J002,RS_C_L042,C_L042
Rana sylvatica,RS,C,high density,HD,L042,2,yes,yes,6/8/23,52,6/11/23,55,3,J002,RS_C_L042,C_L042
Rana sylvatica,RS,C,high density,HD,L042,3,yes,yes,6/9/23,53,6/12/23,56,3,J002,RS_C_L042,C_L042
Rana sylvatica,RS,C,high density,HD,L042,4,yes,yes,6/10/23,54,6/12/23,56,2,J002,RS_C_L042,C_L042
Rana sylvatica,RS,C,high density,HD,L042,5,yes,yes,6/11/23,55,6/14/23,58,3,J012,RS_C_L042,C_L042
Rana sylvatica,RS,C,high density,HD,L042,6,yes,yes,6/12/23,56,6/15/23,59,3,J012,RS_C_L042,C_L042
Rana sylvatica,RS,C,high density,HD,L042,7,no,yes,6/14/23,58,6/18/23,62,4,NA,RS_C_L042,C_L042
Rana sylvatica,RS,C,high density,HD,L042,8,no,yes,6/17/23,61,6/19/23,63,2,NA,RS_C_L042,C_L042
Rana sylvatica,RS,C,high density,HD,L042,9,no,yes,6/17/23,61,6/19/23,63,2,NA,RS_C_L042,C_L042
Rana sylvatica,RS,C,high density,HD,L042,10,no,yes,6/17/23,61,6/23/23,67,6,NA,RS_C_L042,C_L042
Rana sylvatica,RS,C,low density,CO,L043,1,yes,yes,5/31/23,44,6/5/23,49,5,J004,RS_C_L043,C_L043
Rana sylvatica,RS,C,low density,CO,L043,2,yes,yes,6/3/23,47,6/7/23,51,4,J004,RS_C_L043,C_L043
Rana sylvatica,RS,C,low density,CO,L043,3,yes,yes,6/8/23,52,6/12/23,56,4,J008,RS_C_L043,C_L043
Rana sylvatica,RS,C,low density,CO,L043,4,yes,yes,6/8/23,52,6/11/23,55,3,J008,RS_C_L043,C_L043
Rana sylvatica,RS,C,low density,CO,L043,5,yes,no,6/12/23,56,6/16/23,60,4,J010,RS_C_L043,C_L043
Rana sylvatica,RS,C,low density,CO,L043,6,yes,no,6/15/23,59,6/19/23,63,4,J016,RS_C_L043,C_L043
Rana sylvatica,RS,C,high density,HD,L044,1,yes,yes,6/8/23,52,6/13/23,57,5,J002,RS_C_L044,C_L044
Rana sylvatica,RS,C,high density,HD,L044,2,yes,yes,6/9/23,53,6/13/23,57,4,J002,RS_C_L044,C_L044
Rana sylvatica,RS,C,high density,HD,L044,3,yes,yes,6/10/23,54,6/15/23,59,5,J012,RS_C_L044,C_L044
Rana sylvatica,RS,C,high density,HD,L044,4,yes,yes,6/11/23,55,6/13/23,57,2,J002,RS_C_L044,C_L044
Rana sylvatica,RS,C,high density,HD,L044,5,yes,yes,6/11/23,55,6/14/23,58,3,J012,RS_C_L044,C_L044
Rana sylvatica,RS,C,high density,HD,L044,6,yes,yes,6/12/23,56,6/15/23,59,3,J012,RS_C_L044,C_L044
Rana sylvatica,RS,C,high density,HD,L044,7,no,yes,6/14/23,58,6/17/23,61,3,NA,RS_C_L044,C_L044
Rana sylvatica,RS,C,high density,HD,L044,8,no,yes,6/15/23,59,6/18/23,62,3,NA,RS_C_L044,C_L044
Rana sylvatica,RS,C,high density,HD,L044,9,no,yes,6/16/23,60,6/19/23,63,3,NA,RS_C_L044,C_L044
Rana sylvatica,RS,C,high density,HD,L044,10,no,yes,6/17/23,61,6/23/23,67,6,NA,RS_C_L044,C_L044
Rana sylvatica,RS,C,high density,HD,L045,1,yes,yes,6/6/23,50,NA,NA,NA,NA,RS_C_L045,C_L045
Rana sylvatica,RS,C,high density,HD,L045,2,yes,yes,6/7/23,51,6/10/23,54,3,J002,RS_C_L045,C_L045
Rana sylvatica,RS,C,high density,HD,L045,3,yes,yes,6/10/23,54,6/13/23,57,3,J002,RS_C_L045,C_L045
Rana sylvatica,RS,C,high density,HD,L045,4,yes,yes,6/11/23,55,6/14/23,58,3,J012,RS_C_L045,C_L045
Rana sylvatica,RS,C,high density,HD,L045,5,yes,yes,6/12/23,56,6/15/23,59,3,J012,RS_C_L045,C_L045
Rana sylvatica,RS,C,high density,HD,L045,6,yes,yes,6/13/23,57,6/16/23,60,3,J017,RS_C_L045,C_L045
Rana sylvatica,RS,C,high density,HD,L045,7,no,yes,6/13/23,57,6/16/23,60,3,NA,RS_C_L045,C_L045
Rana sylvatica,RS,C,high density,HD,L045,8,no,yes,6/13/23,57,6/17/23,61,4,NA,RS_C_L045,C_L045
Rana sylvatica,RS,C,high density,HD,L045,9,no,yes,6/14/23,58,6/17/23,61,3,NA,RS_C_L045,C_L045
Rana sylvatica,RS,C,high density,HD,L045,10,no,yes,6/15/23,59,6/18/23,62,3,NA,RS_C_L045,C_L045
Rana sylvatica,RS,C,low density,CO,L046,1,yes,yes,6/9/23,53,6/12/23,56,3,J008,RS_C_L046,C_L046
Rana sylvatica,RS,C,low density,CO,L046,2,yes,yes,6/11/23,55,6/13/23,57,2,J008,RS_C_L046,C_L046
Rana sylvatica,RS,C,low density,CO,L046,3,yes,yes,6/16/23,60,6/20/23,64,4,J016,RS_C_L046,C_L046
Rana sylvatica,RS,C,low density,CO,L046,4,yes,yes,6/16/23,60,6/20/23,64,4,J016,RS_C_L046,C_L046
Rana sylvatica,RS,C,low density,CO,L046,5,yes,no,6/18/23,62,6/20/23,64,2,J016,RS_C_L046,C_L046
Rana sylvatica,RS,C,low density,CO,L046,6,yes,no,6/20/23,64,6/24/23,68,4,J025,RS_C_L046,C_L046
Rana sylvatica,RS,C,high density,HD,L047,1,yes,yes,6/7/23,51,NA,NA,NA,NA,RS_C_L047,C_L047
Rana sylvatica,RS,C,high density,HD,L047,2,yes,yes,6/10/23,54,6/14/23,58,4,J002,RS_C_L047,C_L047
Rana sylvatica,RS,C,high density,HD,L047,3,yes,yes,6/10/23,54,6/14/23,58,4,J012,RS_C_L047,C_L047
Rana sylvatica,RS,C,high density,HD,L047,4,yes,yes,6/12/23,56,6/15/23,59,3,J012,RS_C_L047,C_L047
Rana sylvatica,RS,C,high density,HD,L047,5,yes,yes,6/12/23,56,6/15/23,59,3,J012,RS_C_L047,C_L047
Rana sylvatica,RS,C,high density,HD,L047,6,yes,yes,6/13/23,57,6/17/23,61,4,J017,RS_C_L047,C_L047
Rana sylvatica,RS,C,high density,HD,L047,7,no,yes,6/13/23,57,6/17/23,61,4,NA,RS_C_L047,C_L047
Rana sylvatica,RS,C,high density,HD,L047,8,no,yes,6/14/23,58,6/17/23,61,3,NA,RS_C_L047,C_L047
Rana sylvatica,RS,C,high density,HD,L047,9,no,yes,6/14/23,58,6/17/23,61,3,NA,RS_C_L047,C_L047
Rana sylvatica,RS,C,high density,HD,L047,10,no,yes,6/15/23,59,6/19/23,63,4,NA,RS_C_L047,C_L047
Rana sylvatica,RS,C,low density,CO,L048,1,yes,yes,6/8/23,52,6/12/23,56,4,J008,RS_C_L048,C_L048
Rana sylvatica,RS,C,low density,CO,L048,2,yes,yes,6/8/23,52,6/12/23,56,4,J008,RS_C_L048,C_L048
Rana sylvatica,RS,C,low density,CO,L048,3,yes,yes,6/9/23,53,6/12/23,56,3,J008,RS_C_L048,C_L048
Rana sylvatica,RS,C,low density,CO,L048,4,yes,yes,6/11/23,55,6/15/23,59,4,J010,RS_C_L048,C_L048
Rana sylvatica,RS,C,low density,CO,L048,5,yes,no,6/16/23,60,6/19/23,63,3,J016,RS_C_L048,C_L048
Rana sylvatica,RS,C,low density,CO,L048,6,yes,no,6/21/23,65,6/25/23,69,4,J025,RS_C_L048,C_L048
Rana sylvatica,RS,C,low density,CO,L049,1,yes,yes,6/3/23,47,6/6/23,50,3,J004,RS_C_L049,C_L049
Rana sylvatica,RS,C,low density,CO,L049,2,yes,yes,6/4/23,48,6/8/23,52,4,J004,RS_C_L049,C_L049
Rana sylvatica,RS,C,low density,CO,L049,3,yes,yes,6/5/23,49,6/8/23,52,3,J004,RS_C_L049,C_L049
Rana sylvatica,RS,C,low density,CO,L049,4,yes,yes,6/7/23,51,6/10/23,54,3,J008,RS_C_L049,C_L049
Rana sylvatica,RS,C,low density,CO,L049,5,yes,no,6/9/23,53,6/13/23,57,4,J010,RS_C_L049,C_L049
Rana sylvatica,RS,C,low density,CO,L049,6,yes,no,6/10/23,54,6/13/23,57,3,J010,RS_C_L049,C_L049
Rana sylvatica,RS,C,high density,HD,L050,1,yes,yes,6/10/23,54,6/12/23,56,2,J002,RS_C_L050,C_L050
Rana sylvatica,RS,C,high density,HD,L050,2,yes,yes,6/12/23,56,6/15/23,59,3,J012,RS_C_L050,C_L050
Rana sylvatica,RS,C,high density,HD,L050,3,yes,yes,6/14/23,58,6/18/23,62,4,J017,RS_C_L050,C_L050
Rana sylvatica,RS,C,high density,HD,L050,4,yes,yes,6/17/23,61,6/20/23,64,3,NA,RS_C_L050,C_L050
Rana sylvatica,RS,C,high density,HD,L050,5,yes,yes,6/17/23,61,6/21/23,65,4,J017,RS_C_L050,C_L050
Rana sylvatica,RS,C,high density,HD,L050,6,yes,yes,6/15/23,59,6/19/23,63,4,J017,RS_C_L050,C_L050
Rana sylvatica,RS,C,high density,HD,L050,7,no,yes,6/15/23,59,6/18/23,62,3,NA,RS_C_L050,C_L050
Rana sylvatica,RS,C,high density,HD,L050,8,no,yes,6/18/23,62,6/21/23,65,3,NA,RS_C_L050,C_L050
Rana sylvatica,RS,C,high density,HD,L050,9,no,yes,6/18/23,62,6/22/23,66,4,NA,RS_C_L050,C_L050
Rana sylvatica,RS,C,high density,HD,L050,10,no,yes,6/20/23,64,NA,NA,NA,NA,RS_C_L050,C_L050
Rana sylvatica,RS,C,low density,CO,L051,1,yes,yes,6/3/23,47,6/7/23,51,4,J004,RS_C_L051,C_L051
Rana sylvatica,RS,C,low density,CO,L051,2,yes,yes,6/4/23,48,6/8/23,52,4,J004,RS_C_L051,C_L051
Rana sylvatica,RS,C,low density,CO,L051,3,yes,yes,6/7/23,51,6/10/23,54,3,J008,RS_C_L051,C_L051
Rana sylvatica,RS,C,low density,CO,L051,4,yes,yes,6/8/23,52,6/13/23,57,5,J010,RS_C_L051,C_L051
Rana sylvatica,RS,C,low density,CO,L051,5,yes,no,6/12/23,56,6/16/23,60,4,J016,RS_C_L051,C_L051
Rana sylvatica,RS,C,low density,CO,L051,6,yes,no,6/15/23,59,6/19/23,63,4,J016,RS_C_L051,C_L051
Rana sylvatica,RS,C,high density,HD,L052,1,yes,yes,6/7/23,51,NA,NA,NA,NA,RS_C_L052,C_L052
Rana sylvatica,RS,C,high density,HD,L052,2,yes,yes,6/12/23,56,6/13/23,57,1,J002,RS_C_L052,C_L052
Rana sylvatica,RS,C,high density,HD,L052,3,yes,yes,6/12/23,56,6/15/23,59,3,J012,RS_C_L052,C_L052
Rana sylvatica,RS,C,high density,HD,L052,4,yes,yes,6/12/23,56,6/16/23,60,4,J017,RS_C_L052,C_L052
Rana sylvatica,RS,C,high density,HD,L052,5,yes,yes,6/14/23,58,6/17/23,61,3,J017,RS_C_L052,C_L052
Rana sylvatica,RS,C,high density,HD,L052,6,yes,yes,6/16/23,60,6/19/23,63,3,J017,RS_C_L052,C_L052
Rana sylvatica,RS,C,high density,HD,L052,7,no,yes,6/16/23,60,6/20/23,64,4,NA,RS_C_L052,C_L052
Rana sylvatica,RS,C,high density,HD,L052,8,no,yes,6/19/23,63,6/23/23,67,4,NA,RS_C_L052,C_L052
Rana sylvatica,RS,C,high density,HD,L052,9,no,yes,6/20/23,64,NA,NA,NA,NA,RS_C_L052,C_L052
Rana sylvatica,RS,C,high density,HD,L052,10,no,yes,6/21/23,65,NA,NA,NA,NA,RS_C_L052,C_L052
Rana sylvatica,RS,C,low density,CO,L053,1,yes,yes,6/8/23,52,6/12/23,56,4,NA,RS_C_L053,C_L053
Rana sylvatica,RS,C,low density,CO,L053,2,yes,yes,6/11/23,55,6/15/23,59,4,J010,RS_C_L053,C_L053
Rana sylvatica,RS,C,low density,CO,L053,3,yes,yes,6/15/23,59,6/20/23,64,5,J016,RS_C_L053,C_L053
Rana sylvatica,RS,C,low density,CO,L053,4,yes,yes,6/19/23,63,6/23/23,67,4,J016,RS_C_L053,C_L053
Rana sylvatica,RS,C,low density,CO,L053,5,yes,no,6/20/23,64,6/23/23,67,3,J025,RS_C_L053,C_L053
Rana sylvatica,RS,C,low density,CO,L053,6,yes,no,6/22/23,66,6/26/23,70,4,J025,RS_C_L053,C_L053
Rana sylvatica,RS,C,low density,CO,L054,1,yes,yes,6/9/23,53,NA,NA,NA,NA,RS_C_L054,C_L054
Rana sylvatica,RS,C,low density,CO,L054,2,yes,yes,6/10/23,54,6/13/23,57,3,J010,RS_C_L054,C_L054
Rana sylvatica,RS,C,low density,CO,L054,3,yes,yes,6/10/23,54,6/13/23,57,3,J010,RS_C_L054,C_L054
Rana sylvatica,RS,C,low density,CO,L054,4,yes,yes,6/11/23,55,6/13/23,57,2,J010,RS_C_L054,C_L054
Rana sylvatica,RS,C,low density,CO,L054,5,yes,no,6/11/23,55,6/15/23,59,4,J010,RS_C_L054,C_L054
Rana sylvatica,RS,C,low density,CO,L054,6,yes,no,6/12/23,56,6/15/23,59,3,J010,RS_C_L054,C_L054
Rana sylvatica,RS,C,low density,CO,L055,1,yes,yes,6/2/23,46,6/6/23,50,4,J004,RS_C_L055,C_L055
Rana sylvatica,RS,C,low density,CO,L055,2,yes,yes,6/3/23,47,6/6/23,50,3,J004,RS_C_L055,C_L055
Rana sylvatica,RS,C,low density,CO,L055,3,yes,yes,6/6/23,50,6/10/23,54,4,J008,RS_C_L055,C_L055
Rana sylvatica,RS,C,low density,CO,L055,4,yes,yes,6/8/23,52,6/12/23,56,4,J008,RS_C_L055,C_L055
Rana sylvatica,RS,C,low density,CO,L055,5,yes,no,6/9/23,53,6/12/23,56,3,J008,RS_C_L055,C_L055
Rana sylvatica,RS,C,low density,CO,L055,6,yes,no,6/14/23,58,6/17/23,61,3,J016,RS_C_L055,C_L055