"week","date.photo","gs","gs.code","clutch","treatment","treatment.code","larv.tank.id","seed.num","photo.num","leth.samp.num.cumul","metamorph.num.cumul","prop.survi","prop.seed.forelimb","prop.surv.forelimb","unique.id","clutchtank"
1,"2023-04-18","Rana sylvatica","RS","A","low density","CO","L001",41,41,0,0,1,0,0,"RS_A_L001","A_L001"
1,"2023-04-18","Rana sylvatica","RS","A","high density","HD","L002",100,99,0,0,0.99,0,0,"RS_A_L002","A_L002"
1,"2023-04-18","Rana sylvatica","RS","A","low density","CO","L003",40,40,0,0,1,0,0,"RS_A_L003","A_L003"
1,"2023-04-18","Rana sylvatica","RS","A","high density","HD","L004",100,100,0,0,1,0,0,"RS_A_L004","A_L004"
1,"2023-04-18","Rana sylvatica","RS","A","high density","HD","L005",100,99,0,0,0.99,0,0,"RS_A_L005","A_L005"
1,"2023-04-18","Rana sylvatica","RS","A","low density","CO","L006",40,39,0,0,0.975,0,0,"RS_A_L006","A_L006"
1,"2023-04-18","Rana sylvatica","RS","A","high density","HD","L007",100,99,0,0,0.99,0,0,"RS_A_L007","A_L007"
1,"2023-04-18","Rana sylvatica","RS","A","low density","CO","L008",40,40,0,0,1,0,0,"RS_A_L008","A_L008"
1,"2023-04-18","Rana sylvatica","RS","A","low density","CO","L009",41,40,1,0,1,0,0,"RS_A_L009","A_L009"
1,"2023-04-18","Rana sylvatica","RS","A","high density","HD","L010",100,100,0,0,1,0,0,"RS_A_L010","A_L010"
1,"2023-04-18","Rana sylvatica","RS","A","low density","CO","L011",40,40,0,0,1,0,0,"RS_A_L011","A_L011"
1,"2023-04-18","Rana sylvatica","RS","A","high density","HD","L012",100,100,0,0,1,0,0,"RS_A_L012","A_L012"
1,"2023-04-18","Rana sylvatica","RS","A","high density","HD","L013",100,100,0,0,1,0,0,"RS_A_L013","A_L013"
1,"2023-04-18","Rana sylvatica","RS","A","low density","CO","L014",40,40,0,0,1,0,0,"RS_A_L014","A_L014"
1,"2023-04-18","Rana sylvatica","RS","A","high density","HD","L015",100,100,0,0,1,0,0,"RS_A_L015","A_L015"
1,"2023-04-18","Rana sylvatica","RS","A","low density","CO","L016",40,39,0,0,0.975,0,0,"RS_A_L016","A_L016"
1,"2023-04-18","Rana sylvatica","RS","A","low density","CO","L017",40,39,0,0,0.975,0,0,"RS_A_L017","A_L017"
1,"2023-04-18","Rana sylvatica","RS","A","low density","CO","L019",40,40,0,0,1,0,0,"RS_A_L019","A_L019"
2,"2023-04-26","Rana sylvatica","RS","A","low density","CO","L001",41,41,0,0,1,0,0,"RS_A_L001","A_L001"
2,"2023-04-26","Rana sylvatica","RS","A","high density","HD","L002",100,97,1,0,0.98,0,0,"RS_A_L002","A_L002"
2,"2023-04-26","Rana sylvatica","RS","A","low density","CO","L003",40,39,1,0,1,0,0,"RS_A_L003","A_L003"
2,"2023-04-26","Rana sylvatica","RS","A","high density","HD","L004",100,100,0,0,1,0,0,"RS_A_L004","A_L004"
2,"2023-04-26","Rana sylvatica","RS","A","high density","HD","L005",100,97,1,0,0.98,0,0,"RS_A_L005","A_L005"
2,"2023-04-26","Rana sylvatica","RS","A","low density","CO","L006",40,38,1,0,0.974,0,0,"RS_A_L006","A_L006"
2,"2023-04-26","Rana sylvatica","RS","A","high density","HD","L007",100,97,1,0,0.98,0,0,"RS_A_L007","A_L007"
2,"2023-04-26","Rana sylvatica","RS","A","low density","CO","L008",40,40,0,0,1,0,0,"RS_A_L008","A_L008"
2,"2023-04-26","Rana sylvatica","RS","A","low density","CO","L009",41,40,1,0,1,0,0,"RS_A_L009","A_L009"
2,"2023-04-26","Rana sylvatica","RS","A","high density","HD","L010",100,100,0,0,1,0,0,"RS_A_L010","A_L010"
2,"2023-04-26","Rana sylvatica","RS","A","low density","CO","L011",40,40,0,0,1,0,0,"RS_A_L011","A_L011"
2,"2023-04-26","Rana sylvatica","RS","A","high density","HD","L012",100,99,1,0,1,0,0,"RS_A_L012","A_L012"
2,"2023-04-26","Rana sylvatica","RS","A","high density","HD","L013",100,100,0,0,1,0,0,"RS_A_L013","A_L013"
2,"2023-04-26","Rana sylvatica","RS","A","low density","CO","L014",40,39,1,0,1,0,0,"RS_A_L014","A_L014"
2,"2023-04-26","Rana sylvatica","RS","A","high density","HD","L015",100,99,1,0,1,0,0,"RS_A_L015","A_L015"
2,"2023-04-26","Rana sylvatica","RS","A","low density","CO","L016",40,39,0,0,0.975,0,0,"RS_A_L016","A_L016"
2,"2023-04-26","Rana sylvatica","RS","A","low density","CO","L017",40,38,1,0,0.974,0,0,"RS_A_L017","A_L017"
2,"2023-04-26","Rana sylvatica","RS","A","low density","CO","L019",40,39,0,0,0.975,0,0,"RS_A_L019","A_L019"
1,"2023-04-24","Rana sylvatica","RS","B","low density","CO","L021",40,39,0,0,0.975,0,0,"RS_B_L021","B_L021"
1,"2023-04-24","Rana sylvatica","RS","B","high density","HD","L022",100,100,0,0,1,0,0,"RS_B_L022","B_L022"
1,"2023-04-24","Rana sylvatica","RS","B","low density","CO","L023",40,39,0,0,0.975,0,0,"RS_B_L023","B_L023"
1,"2023-04-24","Rana sylvatica","RS","B","high density","HD","L024",100,98,0,0,0.98,0,0,"RS_B_L024","B_L024"
1,"2023-04-24","Rana sylvatica","RS","B","high density","HD","L025",100,100,0,0,1,0,0,"RS_B_L025","B_L025"
1,"2023-04-24","Rana sylvatica","RS","B","low density","CO","L026",40,40,0,0,1,0,0,"RS_B_L026","B_L026"
1,"2023-04-24","Rana sylvatica","RS","B","high density","HD","L027",100,99,0,0,0.99,0,0,"RS_B_L027","B_L027"
1,"2023-04-24","Rana sylvatica","RS","B","low density","CO","L028",40,40,0,0,1,0,0,"RS_B_L028","B_L028"
1,"2023-04-24","Rana sylvatica","RS","B","low density","CO","L029",40,40,0,0,1,0,0,"RS_B_L029","B_L029"
1,"2023-04-24","Rana sylvatica","RS","B","high density","HD","L030",100,100,0,0,1,0,0,"RS_B_L030","B_L030"
1,"2023-04-24","Rana sylvatica","RS","B","low density","CO","L031",40,40,0,0,1,0,0,"RS_B_L031","B_L031"
1,"2023-04-24","Rana sylvatica","RS","B","high density","HD","L032",100,100,0,0,1,0,0,"RS_B_L032","B_L032"
1,"2023-04-24","Rana sylvatica","RS","B","high density","HD","L033",100,98,0,0,0.98,0,0,"RS_B_L033","B_L033"
1,"2023-04-24","Rana sylvatica","RS","B","low density","CO","L034",40,40,0,0,1,0,0,"RS_B_L034","B_L034"
1,"2023-04-24","Rana sylvatica","RS","B","high density","HD","L035",100,98,0,0,0.98,0,0,"RS_B_L035","B_L035"
1,"2023-04-24","Rana sylvatica","RS","B","low density","CO","L036",40,40,0,0,1,0,0,"RS_B_L036","B_L036"
1,"2023-04-24","Rana sylvatica","RS","C","low density","CO","L041",40,40,0,0,1,0,0,"RS_C_L041","C_L041"
1,"2023-04-24","Rana sylvatica","RS","C","high density","HD","L042",100,100,0,0,1,0,0,"RS_C_L042","C_L042"
1,"2023-04-24","Rana sylvatica","RS","C","low density","CO","L043",40,40,0,0,1,0,0,"RS_C_L043","C_L043"
1,"2023-04-24","Rana sylvatica","RS","C","high density","HD","L044",101,101,0,0,1,0,0,"RS_C_L044","C_L044"
1,"2023-04-24","Rana sylvatica","RS","C","high density","HD","L045",100,99,0,0,0.99,0,0,"RS_C_L045","C_L045"
1,"2023-04-24","Rana sylvatica","RS","C","low density","CO","L046",41,41,0,0,1,0,0,"RS_C_L046","C_L046"
1,"2023-04-24","Rana sylvatica","RS","C","high density","HD","L047",100,100,0,0,1,0,0,"RS_C_L047","C_L047"
1,"2023-04-24","Rana sylvatica","RS","C","low density","CO","L048",40,40,0,0,1,0,0,"RS_C_L048","C_L048"
1,"2023-04-24","Rana sylvatica","RS","C","low density","CO","L049",40,40,0,0,1,0,0,"RS_C_L049","C_L049"
1,"2023-04-24","Rana sylvatica","RS","C","high density","HD","L050",100,100,0,0,1,0,0,"RS_C_L050","C_L050"
1,"2023-04-24","Rana sylvatica","RS","C","low density","CO","L051",40,40,0,0,1,0,0,"RS_C_L051","C_L051"
1,"2023-04-24","Rana sylvatica","RS","C","high density","HD","L052",100,100,0,0,1,0,0,"RS_C_L052","C_L052"
1,"2023-04-24","Rana sylvatica","RS","C","low density","CO","L053",40,39,0,0,0.975,0,0,"RS_C_L053","C_L053"
1,"2023-04-24","Rana sylvatica","RS","C","low density","CO","L054",40,39,0,0,0.975,0,0,"RS_C_L054","C_L054"
1,"2023-04-24","Rana sylvatica","RS","C","low density","CO","L055",40,40,0,0,1,0,0,"RS_C_L055","C_L055"
3,"2023-05-03","Rana sylvatica","RS","A","low density","CO","L001",41,41,0,0,1,0,0,"RS_A_L001","A_L001"
3,"2023-05-03","Rana sylvatica","RS","A","high density","HD","L002",100,96,2,0,0.98,0,0,"RS_A_L002","A_L002"
3,"2023-05-03","Rana sylvatica","RS","A","low density","CO","L003",40,38,2,0,1,0,0,"RS_A_L003","A_L003"
3,"2023-05-03","Rana sylvatica","RS","A","high density","HD","L004",100,100,0,0,1,0,0,"RS_A_L004","A_L004"
3,"2023-05-03","Rana sylvatica","RS","A","high density","HD","L005",100,96,2,0,0.98,0,0,"RS_A_L005","A_L005"
3,"2023-05-03","Rana sylvatica","RS","A","low density","CO","L006",40,37,2,0,0.974,0,0,"RS_A_L006","A_L006"
3,"2023-05-03","Rana sylvatica","RS","A","high density","HD","L007",100,96,2,0,0.98,0,0,"RS_A_L007","A_L007"
3,"2023-05-03","Rana sylvatica","RS","A","low density","CO","L008",40,40,0,0,1,0,0,"RS_A_L008","A_L008"
3,"2023-05-03","Rana sylvatica","RS","A","low density","CO","L009",41,39,2,0,1,0,0,"RS_A_L009","A_L009"
3,"2023-05-03","Rana sylvatica","RS","A","high density","HD","L010",100,100,0,0,1,0,0,"RS_A_L010","A_L010"
3,"2023-05-03","Rana sylvatica","RS","A","low density","CO","L011",40,40,0,0,1,0,0,"RS_A_L011","A_L011"
3,"2023-05-03","Rana sylvatica","RS","A","high density","HD","L012",100,98,2,0,1,0,0,"RS_A_L012","A_L012"
3,"2023-05-03","Rana sylvatica","RS","A","high density","HD","L013",100,100,0,0,1,0,0,"RS_A_L013","A_L013"
3,"2023-05-03","Rana sylvatica","RS","A","low density","CO","L014",40,37,2,0,0.974,0,0,"RS_A_L014","A_L014"
3,"2023-05-03","Rana sylvatica","RS","A","high density","HD","L015",100,96,2,0,0.98,0,0,"RS_A_L015","A_L015"
3,"2023-05-03","Rana sylvatica","RS","A","low density","CO","L016",40,39,0,0,0.975,0,0,"RS_A_L016","A_L016"
3,"2023-05-03","Rana sylvatica","RS","A","low density","CO","L017",40,37,2,0,0.974,0,0,"RS_A_L017","A_L017"
3,"2023-05-03","Rana sylvatica","RS","A","low density","CO","L019",40,39,0,0,0.975,0,0,"RS_A_L019","A_L019"
2,"2023-05-01","Rana sylvatica","RS","B","low density","CO","L021",40,38,1,0,0.974,0,0,"RS_B_L021","B_L021"
2,"2023-05-01","Rana sylvatica","RS","B","high density","HD","L022",100,97,1,0,0.98,0,0,"RS_B_L022","B_L022"
2,"2023-05-01","Rana sylvatica","RS","B","low density","CO","L023",40,37,0,0,0.925,0,0,"RS_B_L023","B_L023"
2,"2023-05-01","Rana sylvatica","RS","B","high density","HD","L024",100,96,1,0,0.97,0,0,"RS_B_L024","B_L024"
2,"2023-05-01","Rana sylvatica","RS","B","high density","HD","L025",100,97,1,0,0.98,0,0,"RS_B_L025","B_L025"
2,"2023-05-01","Rana sylvatica","RS","B","low density","CO","L026",40,39,1,0,1,0,0,"RS_B_L026","B_L026"
2,"2023-05-01","Rana sylvatica","RS","B","high density","HD","L027",100,97,0,0,0.97,0,0,"RS_B_L027","B_L027"
2,"2023-05-01","Rana sylvatica","RS","B","low density","CO","L028",40,40,0,0,1,0,0,"RS_B_L028","B_L028"
2,"2023-05-01","Rana sylvatica","RS","B","low density","CO","L029",40,39,1,0,1,0,0,"RS_B_L029","B_L029"
2,"2023-05-01","Rana sylvatica","RS","B","high density","HD","L030",100,98,1,0,0.99,0,0,"RS_B_L030","B_L030"
2,"2023-05-01","Rana sylvatica","RS","B","low density","CO","L031",40,39,1,0,1,0,0,"RS_B_L031","B_L031"
2,"2023-05-01","Rana sylvatica","RS","B","high density","HD","L032",100,100,0,0,1,0,0,"RS_B_L032","B_L032"
2,"2023-05-01","Rana sylvatica","RS","B","high density","HD","L033",100,98,0,0,0.98,0,0,"RS_B_L033","B_L033"
2,"2023-05-01","Rana sylvatica","RS","B","low density","CO","L034",40,40,0,0,1,0,0,"RS_B_L034","B_L034"
2,"2023-05-01","Rana sylvatica","RS","B","high density","HD","L035",100,98,0,0,0.98,0,0,"RS_B_L035","B_L035"
2,"2023-05-01","Rana sylvatica","RS","B","low density","CO","L036",40,39,1,0,1,0,0,"RS_B_L036","B_L036"
2,"2023-05-01","Rana sylvatica","RS","C","low density","CO","L041",40,40,0,0,1,0,0,"RS_C_L041","C_L041"
2,"2023-05-01","Rana sylvatica","RS","C","high density","HD","L042",100,97,1,0,0.98,0,0,"RS_C_L042","C_L042"
2,"2023-05-01","Rana sylvatica","RS","C","low density","CO","L043",40,39,1,0,1,0,0,"RS_C_L043","C_L043"
2,"2023-05-01","Rana sylvatica","RS","C","high density","HD","L044",101,98,1,0,0.98,0,0,"RS_C_L044","C_L044"
2,"2023-05-01","Rana sylvatica","RS","C","high density","HD","L045",100,95,1,0,0.96,0,0,"RS_C_L045","C_L045"
2,"2023-05-01","Rana sylvatica","RS","C","low density","CO","L046",41,40,1,0,1,0,0,"RS_C_L046","C_L046"
2,"2023-05-01","Rana sylvatica","RS","C","high density","HD","L047",100,100,0,0,1,0,0,"RS_C_L047","C_L047"
2,"2023-05-01","Rana sylvatica","RS","C","low density","CO","L048",40,40,0,0,1,0,0,"RS_C_L048","C_L048"
2,"2023-05-01","Rana sylvatica","RS","C","low density","CO","L049",40,39,1,0,1,0,0,"RS_C_L049","C_L049"
2,"2023-05-01","Rana sylvatica","RS","C","high density","HD","L050",100,99,1,0,1,0,0,"RS_C_L050","C_L050"
2,"2023-05-01","Rana sylvatica","RS","C","low density","CO","L051",40,39,1,0,1,0,0,"RS_C_L051","C_L051"
2,"2023-05-01","Rana sylvatica","RS","C","high density","HD","L052",100,97,1,0,0.98,0,0,"RS_C_L052","C_L052"
2,"2023-05-01","Rana sylvatica","RS","C","low density","CO","L053",40,39,0,0,0.975,0,0,"RS_C_L053","C_L053"
2,"2023-05-01","Rana sylvatica","RS","C","low density","CO","L054",40,38,1,0,0.974,0,0,"RS_C_L054","C_L054"
2,"2023-05-01","Rana sylvatica","RS","C","low density","CO","L055",40,40,0,0,1,0,0,"RS_C_L055","C_L055"
4,"2023-05-10","Rana sylvatica","RS","A","low density","CO","L001",41,41,0,0,1,0,0,"RS_A_L001","A_L001"
4,"2023-05-10","Rana sylvatica","RS","A","high density","HD","L002",100,96,2,0,0.98,0,0,"RS_A_L002","A_L002"
4,"2023-05-10","Rana sylvatica","RS","A","low density","CO","L003",40,38,2,0,1,0,0,"RS_A_L003","A_L003"
4,"2023-05-10","Rana sylvatica","RS","A","high density","HD","L004",100,99,0,0,0.99,0,0,"RS_A_L004","A_L004"
4,"2023-05-10","Rana sylvatica","RS","A","high density","HD","L005",100,96,2,0,0.98,0,0,"RS_A_L005","A_L005"
4,"2023-05-10","Rana sylvatica","RS","A","low density","CO","L006",40,37,2,0,0.974,0,0,"RS_A_L006","A_L006"
4,"2023-05-10","Rana sylvatica","RS","A","high density","HD","L007",100,96,2,0,0.98,0,0,"RS_A_L007","A_L007"
4,"2023-05-10","Rana sylvatica","RS","A","low density","CO","L008",40,40,0,0,1,0,0,"RS_A_L008","A_L008"
4,"2023-05-10","Rana sylvatica","RS","A","low density","CO","L009",41,39,2,0,1,0,0,"RS_A_L009","A_L009"
4,"2023-05-10","Rana sylvatica","RS","A","high density","HD","L010",100,99,0,0,0.99,0,0,"RS_A_L010","A_L010"
4,"2023-05-10","Rana sylvatica","RS","A","low density","CO","L011",40,40,0,0,1,0,0,"RS_A_L011","A_L011"
4,"2023-05-10","Rana sylvatica","RS","A","high density","HD","L012",100,98,2,0,1,0,0,"RS_A_L012","A_L012"
4,"2023-05-10","Rana sylvatica","RS","A","high density","HD","L013",100,100,0,0,1,0,0,"RS_A_L013","A_L013"
4,"2023-05-10","Rana sylvatica","RS","A","low density","CO","L014",40,37,2,0,0.974,0,0,"RS_A_L014","A_L014"
4,"2023-05-10","Rana sylvatica","RS","A","high density","HD","L015",100,96,2,0,0.98,0,0,"RS_A_L015","A_L015"
4,"2023-05-10","Rana sylvatica","RS","A","low density","CO","L016",40,39,0,0,0.975,0,0,"RS_A_L016","A_L016"
4,"2023-05-10","Rana sylvatica","RS","A","low density","CO","L017",40,37,2,0,0.974,0,0,"RS_A_L017","A_L017"
4,"2023-05-10","Rana sylvatica","RS","A","low density","CO","L019",40,39,0,0,0.975,0,0,"RS_A_L019","A_L019"
3,"2023-05-08","Rana sylvatica","RS","B","low density","CO","L021",40,36,2,0,0.947,0,0,"RS_B_L021","B_L021"
3,"2023-05-08","Rana sylvatica","RS","B","high density","HD","L022",100,94,2,0,0.959,0,0,"RS_B_L022","B_L022"
3,"2023-05-08","Rana sylvatica","RS","B","low density","CO","L023",40,35,0,0,0.875,0,0,"RS_B_L023","B_L023"
3,"2023-05-08","Rana sylvatica","RS","B","high density","HD","L024",100,94,2,0,0.959,0,0,"RS_B_L024","B_L024"
3,"2023-05-08","Rana sylvatica","RS","B","high density","HD","L025",100,96,2,0,0.98,0,0,"RS_B_L025","B_L025"
3,"2023-05-08","Rana sylvatica","RS","B","low density","CO","L026",40,37,2,0,0.974,0,0,"RS_B_L026","B_L026"
3,"2023-05-08","Rana sylvatica","RS","B","high density","HD","L027",100,96,0,0,0.96,0,0,"RS_B_L027","B_L027"
3,"2023-05-08","Rana sylvatica","RS","B","low density","CO","L028",40,40,0,0,1,0,0,"RS_B_L028","B_L028"
3,"2023-05-08","Rana sylvatica","RS","B","low density","CO","L029",40,38,2,0,1,0,0,"RS_B_L029","B_L029"
3,"2023-05-08","Rana sylvatica","RS","B","high density","HD","L030",100,96,2,0,0.98,0,0,"RS_B_L030","B_L030"
3,"2023-05-08","Rana sylvatica","RS","B","low density","CO","L031",40,38,2,0,1,0,0,"RS_B_L031","B_L031"
3,"2023-05-08","Rana sylvatica","RS","B","high density","HD","L032",100,98,0,0,0.98,0,0,"RS_B_L032","B_L032"
3,"2023-05-08","Rana sylvatica","RS","B","high density","HD","L033",100,98,0,0,0.98,0,0,"RS_B_L033","B_L033"
3,"2023-05-08","Rana sylvatica","RS","B","low density","CO","L034",40,40,0,0,1,0,0,"RS_B_L034","B_L034"
3,"2023-05-08","Rana sylvatica","RS","B","high density","HD","L035",100,96,2,0,0.98,0,0,"RS_B_L035","B_L035"
3,"2023-05-08","Rana sylvatica","RS","B","low density","CO","L036",40,38,2,0,1,0,0,"RS_B_L036","B_L036"
3,"2023-05-08","Rana sylvatica","RS","C","low density","CO","L041",40,40,0,0,1,0,0,"RS_C_L041","C_L041"
3,"2023-05-08","Rana sylvatica","RS","C","high density","HD","L042",100,95,2,0,0.969,0,0,"RS_C_L042","C_L042"
3,"2023-05-08","Rana sylvatica","RS","C","low density","CO","L043",40,38,2,0,1,0,0,"RS_C_L043","C_L043"
3,"2023-05-08","Rana sylvatica","RS","C","high density","HD","L044",101,93,2,0,0.939,0,0,"RS_C_L044","C_L044"
3,"2023-05-08","Rana sylvatica","RS","C","high density","HD","L045",100,94,2,0,0.959,0,0,"RS_C_L045","C_L045"
3,"2023-05-08","Rana sylvatica","RS","C","low density","CO","L046",41,39,2,0,1,0,0,"RS_C_L046","C_L046"
3,"2023-05-08","Rana sylvatica","RS","C","high density","HD","L047",100,100,0,0,1,0,0,"RS_C_L047","C_L047"
3,"2023-05-08","Rana sylvatica","RS","C","low density","CO","L048",40,40,0,0,1,0,0,"RS_C_L048","C_L048"
3,"2023-05-08","Rana sylvatica","RS","C","low density","CO","L049",40,38,2,0,1,0,0,"RS_C_L049","C_L049"
3,"2023-05-08","Rana sylvatica","RS","C","high density","HD","L050",100,98,2,0,1,0,0,"RS_C_L050","C_L050"
3,"2023-05-08","Rana sylvatica","RS","C","low density","CO","L051",40,38,2,0,1,0,0,"RS_C_L051","C_L051"
3,"2023-05-08","Rana sylvatica","RS","C","high density","HD","L052",100,94,2,0,0.959,0,0,"RS_C_L052","C_L052"
3,"2023-05-08","Rana sylvatica","RS","C","low density","CO","L053",40,39,0,0,0.975,0,0,"RS_C_L053","C_L053"
3,"2023-05-08","Rana sylvatica","RS","C","low density","CO","L054",40,37,2,0,0.974,0,0,"RS_C_L054","C_L054"
3,"2023-05-08","Rana sylvatica","RS","C","low density","CO","L055",40,40,0,0,1,0,0,"RS_C_L055","C_L055"
5,"2023-05-17","Rana sylvatica","RS","A","low density","CO","L001",41,40,1,0,1,0,0,"RS_A_L001","A_L001"
5,"2023-05-17","Rana sylvatica","RS","A","high density","HD","L002",100,93,3,0,0.959,0,0,"RS_A_L002","A_L002"
5,"2023-05-17","Rana sylvatica","RS","A","low density","CO","L003",40,38,2,0,1,0,0,"RS_A_L003","A_L003"
5,"2023-05-17","Rana sylvatica","RS","A","high density","HD","L004",100,98,1,0,0.99,0,0,"RS_A_L004","A_L004"
5,"2023-05-17","Rana sylvatica","RS","A","high density","HD","L005",100,94,3,0,0.969,0,0,"RS_A_L005","A_L005"
5,"2023-05-17","Rana sylvatica","RS","A","low density","CO","L006",40,37,2,0,0.974,0,0,"RS_A_L006","A_L006"
5,"2023-05-17","Rana sylvatica","RS","A","high density","HD","L007",100,95,2,0,0.969,0,0,"RS_A_L007","A_L007"
5,"2023-05-17","Rana sylvatica","RS","A","low density","CO","L008",40,39,1,0,1,0,0,"RS_A_L008","A_L008"
5,"2023-05-17","Rana sylvatica","RS","A","low density","CO","L009",41,39,2,0,1,0,0,"RS_A_L009","A_L009"
5,"2023-05-17","Rana sylvatica","RS","A","high density","HD","L010",100,98,1,0,0.99,0,0,"RS_A_L010","A_L010"
5,"2023-05-17","Rana sylvatica","RS","A","low density","CO","L011",40,39,1,0,1,0,0,"RS_A_L011","A_L011"
5,"2023-05-17","Rana sylvatica","RS","A","high density","HD","L012",100,98,2,0,1,0,0,"RS_A_L012","A_L012"
5,"2023-05-17","Rana sylvatica","RS","A","high density","HD","L013",100,99,1,0,1,0,0,"RS_A_L013","A_L013"
5,"2023-05-17","Rana sylvatica","RS","A","low density","CO","L014",40,37,2,0,0.974,0,0,"RS_A_L014","A_L014"
5,"2023-05-17","Rana sylvatica","RS","A","high density","HD","L015",100,96,2,0,0.98,0,0,"RS_A_L015","A_L015"
5,"2023-05-17","Rana sylvatica","RS","A","low density","CO","L016",40,38,1,0,0.974,0,0,"RS_A_L016","A_L016"
5,"2023-05-17","Rana sylvatica","RS","A","low density","CO","L017",40,37,2,0,0.974,0,0,"RS_A_L017","A_L017"
5,"2023-05-17","Rana sylvatica","RS","A","low density","CO","L019",40,38,1,0,0.974,0,0,"RS_A_L019","A_L019"
4,"2023-05-15","Rana sylvatica","RS","B","low density","CO","L021",40,36,2,0,0.947,0,0,"RS_B_L021","B_L021"
4,"2023-05-15","Rana sylvatica","RS","B","high density","HD","L022",100,94,2,0,0.959,0,0,"RS_B_L022","B_L022"
4,"2023-05-15","Rana sylvatica","RS","B","low density","CO","L023",40,35,0,0,0.875,0,0,"RS_B_L023","B_L023"
4,"2023-05-15","Rana sylvatica","RS","B","high density","HD","L024",100,94,2,0,0.959,0,0,"RS_B_L024","B_L024"
4,"2023-05-15","Rana sylvatica","RS","B","high density","HD","L025",100,95,2,0,0.969,0,0,"RS_B_L025","B_L025"
4,"2023-05-15","Rana sylvatica","RS","B","low density","CO","L026",40,37,2,0,0.974,0,0,"RS_B_L026","B_L026"
4,"2023-05-15","Rana sylvatica","RS","B","high density","HD","L027",100,95,0,0,0.95,0,0,"RS_B_L027","B_L027"
4,"2023-05-15","Rana sylvatica","RS","B","low density","CO","L028",40,40,0,0,1,0,0,"RS_B_L028","B_L028"
4,"2023-05-15","Rana sylvatica","RS","B","low density","CO","L029",40,38,2,0,1,0,0,"RS_B_L029","B_L029"
4,"2023-05-15","Rana sylvatica","RS","B","high density","HD","L030",100,96,2,0,0.98,0,0,"RS_B_L030","B_L030"
4,"2023-05-15","Rana sylvatica","RS","B","low density","CO","L031",40,38,2,0,1,0,0,"RS_B_L031","B_L031"
4,"2023-05-15","Rana sylvatica","RS","B","high density","HD","L032",100,98,0,0,0.98,0,0,"RS_B_L032","B_L032"
4,"2023-05-15","Rana sylvatica","RS","B","high density","HD","L033",100,98,0,0,0.98,0,0,"RS_B_L033","B_L033"
4,"2023-05-15","Rana sylvatica","RS","B","low density","CO","L034",40,40,0,0,1,0,0,"RS_B_L034","B_L034"
4,"2023-05-15","Rana sylvatica","RS","B","high density","HD","L035",100,96,2,0,0.98,0,0,"RS_B_L035","B_L035"
4,"2023-05-15","Rana sylvatica","RS","B","low density","CO","L036",40,38,2,0,1,0,0,"RS_B_L036","B_L036"
4,"2023-05-15","Rana sylvatica","RS","C","low density","CO","L041",40,40,0,0,1,0,0,"RS_C_L041","C_L041"
4,"2023-05-15","Rana sylvatica","RS","C","high density","HD","L042",100,95,2,0,0.969,0,0,"RS_C_L042","C_L042"
4,"2023-05-15","Rana sylvatica","RS","C","low density","CO","L043",40,37,2,0,0.974,0,0,"RS_C_L043","C_L043"
4,"2023-05-15","Rana sylvatica","RS","C","high density","HD","L044",101,93,2,0,0.939,0,0,"RS_C_L044","C_L044"
4,"2023-05-15","Rana sylvatica","RS","C","high density","HD","L045",100,94,2,0,0.959,0,0,"RS_C_L045","C_L045"
4,"2023-05-15","Rana sylvatica","RS","C","low density","CO","L046",41,39,2,0,1,0,0,"RS_C_L046","C_L046"
4,"2023-05-15","Rana sylvatica","RS","C","high density","HD","L047",100,99,0,0,0.99,0,0,"RS_C_L047","C_L047"
4,"2023-05-15","Rana sylvatica","RS","C","low density","CO","L048",40,40,0,0,1,0,0,"RS_C_L048","C_L048"
4,"2023-05-15","Rana sylvatica","RS","C","low density","CO","L049",40,38,2,0,1,0,0,"RS_C_L049","C_L049"
4,"2023-05-15","Rana sylvatica","RS","C","high density","HD","L050",100,98,2,0,1,0,0,"RS_C_L050","C_L050"
4,"2023-05-15","Rana sylvatica","RS","C","low density","CO","L051",40,38,2,0,1,0,0,"RS_C_L051","C_L051"
4,"2023-05-15","Rana sylvatica","RS","C","high density","HD","L052",100,92,2,0,0.939,0,0,"RS_C_L052","C_L052"
4,"2023-05-15","Rana sylvatica","RS","C","low density","CO","L053",40,39,0,0,0.975,0,0,"RS_C_L053","C_L053"
4,"2023-05-15","Rana sylvatica","RS","C","low density","CO","L054",40,37,2,0,0.974,0,0,"RS_C_L054","C_L054"
4,"2023-05-15","Rana sylvatica","RS","C","low density","CO","L055",40,39,0,0,0.975,0,0,"RS_C_L055","C_L055"
6,"2023-05-24","Rana sylvatica","RS","A","low density","CO","L001",41,39,2,0,1,0,0,"RS_A_L001","A_L001"
6,"2023-05-24","Rana sylvatica","RS","A","high density","HD","L002",100,92,3,0,0.948,0,0,"RS_A_L002","A_L002"
6,"2023-05-24","Rana sylvatica","RS","A","low density","CO","L003",40,38,2,0,1,0,0,"RS_A_L003","A_L003"
6,"2023-05-24","Rana sylvatica","RS","A","high density","HD","L004",100,96,2,0,0.98,0,0,"RS_A_L004","A_L004"
6,"2023-05-24","Rana sylvatica","RS","A","high density","HD","L005",100,94,3,0,0.969,0,0,"RS_A_L005","A_L005"
6,"2023-05-24","Rana sylvatica","RS","A","low density","CO","L006",40,37,2,0,0.974,0,0,"RS_A_L006","A_L006"
6,"2023-05-24","Rana sylvatica","RS","A","high density","HD","L007",100,95,2,0,0.969,0,0,"RS_A_L007","A_L007"
6,"2023-05-24","Rana sylvatica","RS","A","low density","CO","L008",40,37,2,0,0.974,0,0,"RS_A_L008","A_L008"
6,"2023-05-24","Rana sylvatica","RS","A","low density","CO","L009",41,39,2,0,1,0,0,"RS_A_L009","A_L009"
6,"2023-05-24","Rana sylvatica","RS","A","high density","HD","L010",100,95,2,0,0.969,0,0,"RS_A_L010","A_L010"
6,"2023-05-24","Rana sylvatica","RS","A","low density","CO","L011",40,38,2,0,1,0,0,"RS_A_L011","A_L011"
6,"2023-05-24","Rana sylvatica","RS","A","high density","HD","L012",100,98,2,0,1,0,0,"RS_A_L012","A_L012"
6,"2023-05-24","Rana sylvatica","RS","A","high density","HD","L013",100,98,2,0,1,0,0,"RS_A_L013","A_L013"
6,"2023-05-24","Rana sylvatica","RS","A","low density","CO","L014",40,37,2,0,0.974,0,0,"RS_A_L014","A_L014"
6,"2023-05-24","Rana sylvatica","RS","A","high density","HD","L015",100,96,2,0,0.98,0,0,"RS_A_L015","A_L015"
6,"2023-05-24","Rana sylvatica","RS","A","low density","CO","L016",40,37,2,0,0.974,0,0,"RS_A_L016","A_L016"
6,"2023-05-24","Rana sylvatica","RS","A","low density","CO","L017",40,37,2,0,0.974,0,0,"RS_A_L017","A_L017"
6,"2023-05-24","Rana sylvatica","RS","A","low density","CO","L019",40,37,2,0,0.974,0,0,"RS_A_L019","A_L019"
5,"2023-05-22","Rana sylvatica","RS","B","low density","CO","L021",40,35,3,0,0.946,0,0,"RS_B_L021","B_L021"
5,"2023-05-22","Rana sylvatica","RS","B","high density","HD","L022",100,93,3,0,0.959,0,0,"RS_B_L022","B_L022"
5,"2023-05-22","Rana sylvatica","RS","B","low density","CO","L023",40,34,1,0,0.872,0,0,"RS_B_L023","B_L023"
5,"2023-05-22","Rana sylvatica","RS","B","high density","HD","L024",100,94,2,0,0.959,0,0,"RS_B_L024","B_L024"
5,"2023-05-22","Rana sylvatica","RS","B","high density","HD","L025",100,95,2,0,0.969,0,0,"RS_B_L025","B_L025"
5,"2023-05-22","Rana sylvatica","RS","B","low density","CO","L026",40,37,2,0,0.974,0,0,"RS_B_L026","B_L026"
5,"2023-05-22","Rana sylvatica","RS","B","high density","HD","L027",100,92,1,0,0.929,0,0,"RS_B_L027","B_L027"
5,"2023-05-22","Rana sylvatica","RS","B","low density","CO","L028",40,39,1,0,1,0,0,"RS_B_L028","B_L028"
5,"2023-05-22","Rana sylvatica","RS","B","low density","CO","L029",40,38,2,0,1,0,0,"RS_B_L029","B_L029"
5,"2023-05-22","Rana sylvatica","RS","B","high density","HD","L030",100,96,2,0,0.98,0,0,"RS_B_L030","B_L030"
5,"2023-05-22","Rana sylvatica","RS","B","low density","CO","L031",40,37,3,0,1,0,0,"RS_B_L031","B_L031"
5,"2023-05-22","Rana sylvatica","RS","B","high density","HD","L032",100,96,1,0,0.97,0,0,"RS_B_L032","B_L032"
5,"2023-05-22","Rana sylvatica","RS","B","high density","HD","L033",100,97,1,0,0.98,0,0,"RS_B_L033","B_L033"
5,"2023-05-22","Rana sylvatica","RS","B","low density","CO","L034",40,39,1,0,1,0,0,"RS_B_L034","B_L034"
5,"2023-05-22","Rana sylvatica","RS","B","high density","HD","L035",100,95,3,0,0.979,0,0,"RS_B_L035","B_L035"
5,"2023-05-22","Rana sylvatica","RS","B","low density","CO","L036",40,38,2,0,1,0,0,"RS_B_L036","B_L036"
5,"2023-05-22","Rana sylvatica","RS","C","low density","CO","L041",40,39,1,0,1,0,0,"RS_C_L041","C_L041"
5,"2023-05-22","Rana sylvatica","RS","C","high density","HD","L042",100,93,3,0,0.959,0,0,"RS_C_L042","C_L042"
5,"2023-05-22","Rana sylvatica","RS","C","low density","CO","L043",40,36,3,0,0.973,0,0,"RS_C_L043","C_L043"
5,"2023-05-22","Rana sylvatica","RS","C","high density","HD","L044",101,92,3,0,0.939,0,0,"RS_C_L044","C_L044"
5,"2023-05-22","Rana sylvatica","RS","C","high density","HD","L045",100,93,2,0,0.949,0,0,"RS_C_L045","C_L045"
5,"2023-05-22","Rana sylvatica","RS","C","low density","CO","L046",41,39,2,0,1,0,0,"RS_C_L046","C_L046"
5,"2023-05-22","Rana sylvatica","RS","C","high density","HD","L047",100,98,1,0,0.99,0,0,"RS_C_L047","C_L047"
5,"2023-05-22","Rana sylvatica","RS","C","low density","CO","L048",40,39,1,0,1,0,0,"RS_C_L048","C_L048"
5,"2023-05-22","Rana sylvatica","RS","C","low density","CO","L049",40,38,2,0,1,0,0,"RS_C_L049","C_L049"
5,"2023-05-22","Rana sylvatica","RS","C","high density","HD","L050",100,96,2,0,0.98,0,0,"RS_C_L050","C_L050"
5,"2023-05-22","Rana sylvatica","RS","C","low density","CO","L051",40,38,2,0,1,0,0,"RS_C_L051","C_L051"
5,"2023-05-22","Rana sylvatica","RS","C","high density","HD","L052",100,91,3,0,0.938,0,0,"RS_C_L052","C_L052"
5,"2023-05-22","Rana sylvatica","RS","C","low density","CO","L053",40,38,1,0,0.974,0,0,"RS_C_L053","C_L053"
5,"2023-05-22","Rana sylvatica","RS","C","low density","CO","L054",40,37,2,0,0.974,0,0,"RS_C_L054","C_L054"
5,"2023-05-22","Rana sylvatica","RS","C","low density","CO","L055",40,37,1,0,0.949,0,0,"RS_C_L055","C_L055"
7,"2023-05-31","Rana sylvatica","RS","A","low density","CO","L001",41,39,2,0,1,0,0,"RS_A_L001","A_L001"
7,"2023-05-31","Rana sylvatica","RS","A","high density","HD","L002",100,91,4,0,0.948,0,0,"RS_A_L002","A_L002"
7,"2023-05-31","Rana sylvatica","RS","A","low density","CO","L003",40,38,2,0,1,0,0,"RS_A_L003","A_L003"
7,"2023-05-31","Rana sylvatica","RS","A","high density","HD","L004",100,96,2,0,0.98,0,0,"RS_A_L004","A_L004"
7,"2023-05-31","Rana sylvatica","RS","A","high density","HD","L005",100,93,4,0,0.969,0,0,"RS_A_L005","A_L005"
7,"2023-05-31","Rana sylvatica","RS","A","low density","CO","L006",40,37,2,0,0.974,0,0,"RS_A_L006","A_L006"
7,"2023-05-31","Rana sylvatica","RS","A","high density","HD","L007",100,95,2,0,0.969,0,0,"RS_A_L007","A_L007"
7,"2023-05-31","Rana sylvatica","RS","A","low density","CO","L008",40,37,2,0,0.974,0,0,"RS_A_L008","A_L008"
7,"2023-05-31","Rana sylvatica","RS","A","low density","CO","L009",41,39,2,0,1,0,0,"RS_A_L009","A_L009"
7,"2023-05-31","Rana sylvatica","RS","A","high density","HD","L010",100,95,2,0,0.969,0,0,"RS_A_L010","A_L010"
7,"2023-05-31","Rana sylvatica","RS","A","low density","CO","L011",40,38,2,0,1,0,0,"RS_A_L011","A_L011"
7,"2023-05-31","Rana sylvatica","RS","A","high density","HD","L012",100,97,2,0,0.99,0,0,"RS_A_L012","A_L012"
7,"2023-05-31","Rana sylvatica","RS","A","high density","HD","L013",100,98,2,0,1,0,0,"RS_A_L013","A_L013"
7,"2023-05-31","Rana sylvatica","RS","A","low density","CO","L014",40,37,2,0,0.974,0,0,"RS_A_L014","A_L014"
7,"2023-05-31","Rana sylvatica","RS","A","high density","HD","L015",100,96,2,0,0.98,0,0,"RS_A_L015","A_L015"
7,"2023-05-31","Rana sylvatica","RS","A","low density","CO","L016",40,37,2,0,0.974,0,0,"RS_A_L016","A_L016"
7,"2023-05-31","Rana sylvatica","RS","A","low density","CO","L017",40,37,2,0,0.974,0,0,"RS_A_L017","A_L017"
7,"2023-05-31","Rana sylvatica","RS","A","low density","CO","L019",40,37,2,0,0.974,0,0,"RS_A_L019","A_L019"
6,"2023-05-29","Rana sylvatica","RS","B","low density","CO","L021",40,35,3,0,0.946,0,0,"RS_B_L021","B_L021"
6,"2023-05-29","Rana sylvatica","RS","B","high density","HD","L022",100,93,3,0,0.959,0,0,"RS_B_L022","B_L022"
6,"2023-05-29","Rana sylvatica","RS","B","low density","CO","L023",40,33,2,0,0.868,0,0,"RS_B_L023","B_L023"
6,"2023-05-29","Rana sylvatica","RS","B","high density","HD","L024",100,93,3,0,0.959,0,0,"RS_B_L024","B_L024"
6,"2023-05-29","Rana sylvatica","RS","B","high density","HD","L025",100,95,2,0,0.969,0,0,"RS_B_L025","B_L025"
6,"2023-05-29","Rana sylvatica","RS","B","low density","CO","L026",40,36,3,0,0.973,0,0,"RS_B_L026","B_L026"
6,"2023-05-29","Rana sylvatica","RS","B","high density","HD","L027",100,91,2,0,0.929,0,0,"RS_B_L027","B_L027"
6,"2023-05-29","Rana sylvatica","RS","B","low density","CO","L028",40,38,2,0,1,0,0,"RS_B_L028","B_L028"
6,"2023-05-29","Rana sylvatica","RS","B","low density","CO","L029",40,37,3,0,1,0,0,"RS_B_L029","B_L029"
6,"2023-05-29","Rana sylvatica","RS","B","high density","HD","L030",100,95,3,0,0.979,0,0,"RS_B_L030","B_L030"
6,"2023-05-29","Rana sylvatica","RS","B","low density","CO","L031",40,37,3,0,1,0,0,"RS_B_L031","B_L031"
6,"2023-05-29","Rana sylvatica","RS","B","high density","HD","L032",100,95,2,0,0.969,0,0,"RS_B_L032","B_L032"
6,"2023-05-29","Rana sylvatica","RS","B","high density","HD","L033",100,96,2,0,0.98,0,0,"RS_B_L033","B_L033"
6,"2023-05-29","Rana sylvatica","RS","B","low density","CO","L034",40,38,2,0,1,0,0,"RS_B_L034","B_L034"
6,"2023-05-29","Rana sylvatica","RS","B","high density","HD","L035",100,95,3,0,0.979,0,0,"RS_B_L035","B_L035"
6,"2023-05-29","Rana sylvatica","RS","B","low density","CO","L036",40,38,2,0,1,0,0,"RS_B_L036","B_L036"
6,"2023-05-29","Rana sylvatica","RS","C","low density","CO","L041",40,38,2,0,1,0,0,"RS_C_L041","C_L041"
6,"2023-05-29","Rana sylvatica","RS","C","high density","HD","L042",100,93,3,0,0.959,0,0,"RS_C_L042","C_L042"
6,"2023-05-29","Rana sylvatica","RS","C","low density","CO","L043",40,36,3,0,0.973,0,0,"RS_C_L043","C_L043"
6,"2023-05-29","Rana sylvatica","RS","C","high density","HD","L044",101,91,4,0,0.938,0,0,"RS_C_L044","C_L044"
6,"2023-05-29","Rana sylvatica","RS","C","high density","HD","L045",100,91,3,0,0.938,0,0,"RS_C_L045","C_L045"
6,"2023-05-29","Rana sylvatica","RS","C","low density","CO","L046",41,37,3,0,0.974,0,0,"RS_C_L046","C_L046"
6,"2023-05-29","Rana sylvatica","RS","C","high density","HD","L047",100,97,2,0,0.99,0,0,"RS_C_L047","C_L047"
6,"2023-05-29","Rana sylvatica","RS","C","low density","CO","L048",40,38,2,0,1,0,0,"RS_C_L048","C_L048"
6,"2023-05-29","Rana sylvatica","RS","C","low density","CO","L049",40,38,2,0,1,0,0,"RS_C_L049","C_L049"
6,"2023-05-29","Rana sylvatica","RS","C","high density","HD","L050",100,94,4,0,0.979,0,0,"RS_C_L050","C_L050"
6,"2023-05-29","Rana sylvatica","RS","C","low density","CO","L051",40,38,2,0,1,0,0,"RS_C_L051","C_L051"
6,"2023-05-29","Rana sylvatica","RS","C","high density","HD","L052",100,90,4,0,0.938,0,0,"RS_C_L052","C_L052"
6,"2023-05-29","Rana sylvatica","RS","C","low density","CO","L053",40,37,2,0,0.974,0,0,"RS_C_L053","C_L053"
6,"2023-05-29","Rana sylvatica","RS","C","low density","CO","L054",40,37,2,0,0.974,0,0,"RS_C_L054","C_L054"
6,"2023-05-29","Rana sylvatica","RS","C","low density","CO","L055",40,36,2,0,0.947,0,0,"RS_C_L055","C_L055"
8,"2023-06-07","Rana sylvatica","RS","A","low density","CO","L001",41,38,2,1,1,0.026,0.027,"RS_A_L001","A_L001"
8,"2023-06-07","Rana sylvatica","RS","A","high density","HD","L002",100,91,4,0,0.948,0,0,"RS_A_L002","A_L002"
8,"2023-06-07","Rana sylvatica","RS","A","low density","CO","L003",40,35,4,1,1,0.028,0.031,"RS_A_L003","A_L003"
8,"2023-06-07","Rana sylvatica","RS","A","high density","HD","L004",100,92,4,0,0.958,0,0,"RS_A_L004","A_L004"
8,"2023-06-07","Rana sylvatica","RS","A","high density","HD","L005",100,91,4,1,0.958,0.01,0.011,"RS_A_L005","A_L005"
8,"2023-06-07","Rana sylvatica","RS","A","low density","CO","L006",40,33,4,1,0.944,0.028,0.033,"RS_A_L006","A_L006"
8,"2023-06-07","Rana sylvatica","RS","A","high density","HD","L007",100,93,4,0,0.969,0,0,"RS_A_L007","A_L007"
8,"2023-06-07","Rana sylvatica","RS","A","low density","CO","L008",40,36,2,1,0.974,0.026,0.029,"RS_A_L008","A_L008"
8,"2023-06-07","Rana sylvatica","RS","A","low density","CO","L009",41,35,4,1,0.973,0.027,0.031,"RS_A_L009","A_L009"
8,"2023-06-07","Rana sylvatica","RS","A","high density","HD","L010",100,93,3,1,0.969,0.01,0.011,"RS_A_L010","A_L010"
8,"2023-06-07","Rana sylvatica","RS","A","low density","CO","L011",40,37,2,1,1,0.026,0.028,"RS_A_L011","A_L011"
8,"2023-06-07","Rana sylvatica","RS","A","high density","HD","L012",100,93,4,0,0.969,0,0,"RS_A_L012","A_L012"
8,"2023-06-07","Rana sylvatica","RS","A","high density","HD","L013",100,97,3,0,1,0,0,"RS_A_L013","A_L013"
8,"2023-06-07","Rana sylvatica","RS","A","low density","CO","L014",40,34,4,1,0.972,0.028,0.032,"RS_A_L014","A_L014"
8,"2023-06-07","Rana sylvatica","RS","A","high density","HD","L015",100,94,4,0,0.979,0,0,"RS_A_L015","A_L015"
8,"2023-06-07","Rana sylvatica","RS","A","low density","CO","L016",40,36,2,1,0.974,0.026,0.029,"RS_A_L016","A_L016"
8,"2023-06-07","Rana sylvatica","RS","A","low density","CO","L017",40,35,4,0,0.972,0,0,"RS_A_L017","A_L017"
8,"2023-06-07","Rana sylvatica","RS","A","low density","CO","L019",40,34,2,3,0.974,0.079,0.086,"RS_A_L019","A_L019"
7,"2023-06-05","Rana sylvatica","RS","B","low density","CO","L021",40,34,3,1,0.946,0.027,0.031,"RS_B_L021","B_L021"
7,"2023-06-05","Rana sylvatica","RS","B","high density","HD","L022",100,93,3,0,0.959,0,0,"RS_B_L022","B_L022"
7,"2023-06-05","Rana sylvatica","RS","B","low density","CO","L023",40,32,2,1,0.868,0.026,0.032,"RS_B_L023","B_L023"
7,"2023-06-05","Rana sylvatica","RS","B","high density","HD","L024",100,92,3,1,0.959,0.01,0.011,"RS_B_L024","B_L024"
7,"2023-06-05","Rana sylvatica","RS","B","high density","HD","L025",100,95,2,0,0.969,0,0,"RS_B_L025","B_L025"
7,"2023-06-05","Rana sylvatica","RS","B","low density","CO","L026",40,35,3,1,0.973,0.027,0.03,"RS_B_L026","B_L026"
7,"2023-06-05","Rana sylvatica","RS","B","high density","HD","L027",100,91,2,0,0.929,0,0,"RS_B_L027","B_L027"
7,"2023-06-05","Rana sylvatica","RS","B","low density","CO","L028",40,37,2,0,0.974,0,0,"RS_B_L028","B_L028"
7,"2023-06-05","Rana sylvatica","RS","B","low density","CO","L029",40,35,3,2,1,0.054,0.059,"RS_B_L029","B_L029"
7,"2023-06-05","Rana sylvatica","RS","B","high density","HD","L030",100,95,3,0,0.979,0,0,"RS_B_L030","B_L030"
7,"2023-06-05","Rana sylvatica","RS","B","low density","CO","L031",40,36,3,1,1,0.027,0.029,"RS_B_L031","B_L031"
7,"2023-06-05","Rana sylvatica","RS","B","high density","HD","L032",100,95,2,0,0.969,0,0,"RS_B_L032","B_L032"
7,"2023-06-05","Rana sylvatica","RS","B","high density","HD","L033",100,93,2,1,0.959,0.01,0.011,"RS_B_L033","B_L033"
7,"2023-06-05","Rana sylvatica","RS","B","low density","CO","L034",40,38,2,0,1,0,0,"RS_B_L034","B_L034"
7,"2023-06-05","Rana sylvatica","RS","B","high density","HD","L035",100,95,3,0,0.979,0,0,"RS_B_L035","B_L035"
7,"2023-06-05","Rana sylvatica","RS","B","low density","CO","L036",40,37,2,1,1,0.026,0.028,"RS_B_L036","B_L036"
7,"2023-06-05","Rana sylvatica","RS","C","low density","CO","L041",40,37,2,1,1,0.026,0.028,"RS_C_L041","C_L041"
7,"2023-06-05","Rana sylvatica","RS","C","high density","HD","L042",100,92,3,1,0.959,0.01,0.011,"RS_C_L042","C_L042"
7,"2023-06-05","Rana sylvatica","RS","C","low density","CO","L043",40,34,3,2,0.973,0.054,0.061,"RS_C_L043","C_L043"
7,"2023-06-05","Rana sylvatica","RS","C","high density","HD","L044",101,91,4,0,0.938,0,0,"RS_C_L044","C_L044"
7,"2023-06-05","Rana sylvatica","RS","C","high density","HD","L045",100,90,3,0,0.928,0,0,"RS_C_L045","C_L045"
7,"2023-06-05","Rana sylvatica","RS","C","low density","CO","L046",41,37,3,0,0.974,0,0,"RS_C_L046","C_L046"
7,"2023-06-05","Rana sylvatica","RS","C","high density","HD","L047",100,96,2,0,0.98,0,0,"RS_C_L047","C_L047"
7,"2023-06-05","Rana sylvatica","RS","C","low density","CO","L048",40,38,2,0,1,0,0,"RS_C_L048","C_L048"
7,"2023-06-05","Rana sylvatica","RS","C","low density","CO","L049",40,35,2,3,1,0.079,0.083,"RS_C_L049","C_L049"
7,"2023-06-05","Rana sylvatica","RS","C","high density","HD","L050",100,93,4,0,0.969,0,0,"RS_C_L050","C_L050"
7,"2023-06-05","Rana sylvatica","RS","C","low density","CO","L051",40,36,2,2,1,0.053,0.056,"RS_C_L051","C_L051"
7,"2023-06-05","Rana sylvatica","RS","C","high density","HD","L052",100,90,4,0,0.938,0,0,"RS_C_L052","C_L052"
7,"2023-06-05","Rana sylvatica","RS","C","low density","CO","L053",40,37,2,0,0.974,0,0,"RS_C_L053","C_L053"
7,"2023-06-05","Rana sylvatica","RS","C","low density","CO","L054",40,37,2,0,0.974,0,0,"RS_C_L054","C_L054"
7,"2023-06-05","Rana sylvatica","RS","C","low density","CO","L055",40,34,2,2,0.947,0.053,0.059,"RS_C_L055","C_L055"
9,"2023-06-14","Rana sylvatica","RS","A","low density","CO","L001",41,35,2,3,0.974,0.077,0.083,"RS_A_L001","A_L001"
9,"2023-06-14","Rana sylvatica","RS","A","high density","HD","L002",100,89,4,2,0.948,0.021,0.023,"RS_A_L002","A_L002"
9,"2023-06-14","Rana sylvatica","RS","A","low density","CO","L003",40,34,4,2,1,0.056,0.063,"RS_A_L003","A_L003"
9,"2023-06-14","Rana sylvatica","RS","A","high density","HD","L004",100,89,5,2,0.958,0.021,0.023,"RS_A_L004","A_L004"
9,"2023-06-14","Rana sylvatica","RS","A","high density","HD","L005",100,87,5,4,0.958,0.042,0.047,"RS_A_L005","A_L005"
9,"2023-06-14","Rana sylvatica","RS","A","low density","CO","L006",40,29,4,4,0.917,0.111,0.138,"RS_A_L006","A_L006"
9,"2023-06-14","Rana sylvatica","RS","A","high density","HD","L007",100,91,5,1,0.968,0.011,0.011,"RS_A_L007","A_L007"
9,"2023-06-14","Rana sylvatica","RS","A","low density","CO","L008",40,33,2,4,0.974,0.105,0.114,"RS_A_L008","A_L008"
9,"2023-06-14","Rana sylvatica","RS","A","low density","CO","L009",41,34,4,2,0.973,0.054,0.063,"RS_A_L009","A_L009"
9,"2023-06-14","Rana sylvatica","RS","A","high density","HD","L010",100,88,3,5,0.959,0.052,0.056,"RS_A_L010","A_L010"
9,"2023-06-14","Rana sylvatica","RS","A","low density","CO","L011",40,37,2,1,1,0.026,0.028,"RS_A_L011","A_L011"
9,"2023-06-14","Rana sylvatica","RS","A","high density","HD","L012",100,89,4,3,0.958,0.031,0.034,"RS_A_L012","A_L012"
9,"2023-06-14","Rana sylvatica","RS","A","high density","HD","L013",100,93,3,4,1,0.041,0.043,"RS_A_L013","A_L013"
9,"2023-06-14","Rana sylvatica","RS","A","low density","CO","L014",40,32,4,3,0.972,0.083,0.097,"RS_A_L014","A_L014"
9,"2023-06-14","Rana sylvatica","RS","A","high density","HD","L015",100,91,4,3,0.979,0.031,0.033,"RS_A_L015","A_L015"
9,"2023-06-14","Rana sylvatica","RS","A","low density","CO","L016",40,35,2,2,0.974,0.053,0.057,"RS_A_L016","A_L016"
9,"2023-06-14","Rana sylvatica","RS","A","low density","CO","L017",40,32,4,3,0.972,0.083,0.097,"RS_A_L017","A_L017"
9,"2023-06-14","Rana sylvatica","RS","A","low density","CO","L019",40,31,2,6,0.974,0.158,0.171,"RS_A_L019","A_L019"
8,"2023-06-12","Rana sylvatica","RS","B","low density","CO","L021",40,32,3,3,0.946,0.081,0.086,"RS_B_L021","B_L021"
8,"2023-06-12","Rana sylvatica","RS","B","high density","HD","L022",100,91,3,1,0.948,0.01,0.011,"RS_B_L022","B_L022"
8,"2023-06-12","Rana sylvatica","RS","B","low density","CO","L023",40,29,2,4,0.868,0.105,0.129,"RS_B_L023","B_L023"
8,"2023-06-12","Rana sylvatica","RS","B","high density","HD","L024",100,90,3,3,0.959,0.031,0.032,"RS_B_L024","B_L024"
8,"2023-06-12","Rana sylvatica","RS","B","high density","HD","L025",100,94,2,1,0.969,0.01,0.01,"RS_B_L025","B_L025"
8,"2023-06-12","Rana sylvatica","RS","B","low density","CO","L026",40,35,3,1,0.973,0.027,0.026,"RS_B_L026","B_L026"
8,"2023-06-12","Rana sylvatica","RS","B","high density","HD","L027",100,89,2,1,0.918,0.01,0.011,"RS_B_L027","B_L027"
8,"2023-06-12","Rana sylvatica","RS","B","low density","CO","L028",40,33,2,4,0.974,0.105,0.114,"RS_B_L028","B_L028"
8,"2023-06-12","Rana sylvatica","RS","B","low density","CO","L029",40,32,3,5,1,0.135,0.143,"RS_B_L029","B_L029"
8,"2023-06-12","Rana sylvatica","RS","B","high density","HD","L030",100,93,3,0,0.959,0,0,"RS_B_L030","B_L030"
8,"2023-06-12","Rana sylvatica","RS","B","low density","CO","L031",40,32,3,5,1,0.135,0.143,"RS_B_L031","B_L031"
8,"2023-06-12","Rana sylvatica","RS","B","high density","HD","L032",100,94,2,1,0.969,0.01,0.01,"RS_B_L032","B_L032"
8,"2023-06-12","Rana sylvatica","RS","B","high density","HD","L033",100,91,2,3,0.959,0.031,0.032,"RS_B_L033","B_L033"
8,"2023-06-12","Rana sylvatica","RS","B","low density","CO","L034",40,37,2,1,1,0.026,0.026,"RS_B_L034","B_L034"
8,"2023-06-12","Rana sylvatica","RS","B","high density","HD","L035",100,95,3,0,0.979,0,0,"RS_B_L035","B_L035"
8,"2023-06-12","Rana sylvatica","RS","B","low density","CO","L036",40,37,2,1,1,0.026,0.026,"RS_B_L036","B_L036"
8,"2023-06-12","Rana sylvatica","RS","C","low density","CO","L041",40,35,2,3,1,0.079,0.081,"RS_C_L041","C_L041"
8,"2023-06-12","Rana sylvatica","RS","C","high density","HD","L042",100,87,3,5,0.948,0.052,0.056,"RS_C_L042","C_L042"
8,"2023-06-12","Rana sylvatica","RS","C","low density","CO","L043",40,32,3,4,0.973,0.108,0.114,"RS_C_L043","C_L043"
8,"2023-06-12","Rana sylvatica","RS","C","high density","HD","L044",101,86,4,5,0.938,0.052,0.056,"RS_C_L044","C_L044"
8,"2023-06-12","Rana sylvatica","RS","C","high density","HD","L045",100,85,3,4,0.918,0.041,0.045,"RS_C_L045","C_L045"
8,"2023-06-12","Rana sylvatica","RS","C","low density","CO","L046",41,35,3,2,0.974,0.053,0.053,"RS_C_L046","C_L046"
8,"2023-06-12","Rana sylvatica","RS","C","high density","HD","L047",100,93,2,3,0.98,0.031,0.032,"RS_C_L047","C_L047"
8,"2023-06-12","Rana sylvatica","RS","C","low density","CO","L048",40,33,2,4,0.974,0.105,0.114,"RS_C_L048","C_L048"
8,"2023-06-12","Rana sylvatica","RS","C","low density","CO","L049",40,30,2,8,1,0.211,0.25,"RS_C_L049","C_L049"
8,"2023-06-12","Rana sylvatica","RS","C","high density","HD","L050",100,92,4,1,0.969,0.01,0.01,"RS_C_L050","C_L050"
8,"2023-06-12","Rana sylvatica","RS","C","low density","CO","L051",40,34,2,4,1,0.105,0.111,"RS_C_L051","C_L051"
8,"2023-06-12","Rana sylvatica","RS","C","high density","HD","L052",100,86,4,1,0.906,0.01,0.011,"RS_C_L052","C_L052"
8,"2023-06-12","Rana sylvatica","RS","C","low density","CO","L053",40,35,2,2,0.974,0.053,0.054,"RS_C_L053","C_L053"
8,"2023-06-12","Rana sylvatica","RS","C","low density","CO","L054",40,32,2,5,0.974,0.132,0.147,"RS_C_L054","C_L054"
8,"2023-06-12","Rana sylvatica","RS","C","low density","CO","L055",40,31,2,5,0.947,0.132,0.152,"RS_C_L055","C_L055"
10,"2023-06-21","Rana sylvatica","RS","A","low density","CO","L001",41,32,2,6,0.974,0.154,0.167,"RS_A_L001","A_L001"
10,"2023-06-21","Rana sylvatica","RS","A","high density","HD","L002",100,83,4,8,0.948,0.083,0.092,"RS_A_L002","A_L002"
10,"2023-06-21","Rana sylvatica","RS","A","low density","CO","L003",40,28,4,7,0.972,0.194,0.226,"RS_A_L003","A_L003"
10,"2023-06-21","Rana sylvatica","RS","A","high density","HD","L004",100,82,4,10,0.958,0.104,0.114,"RS_A_L004","A_L004"
10,"2023-06-21","Rana sylvatica","RS","A","high density","HD","L005",100,81,4,11,0.958,0.115,0.125,"RS_A_L005","A_L005"
10,"2023-06-21","Rana sylvatica","RS","A","low density","CO","L006",40,26,4,7,0.917,0.194,0.241,"RS_A_L006","A_L006"
10,"2023-06-21","Rana sylvatica","RS","A","high density","HD","L007",100,84,4,7,0.948,0.073,0.08,"RS_A_L007","A_L007"
10,"2023-06-21","Rana sylvatica","RS","A","low density","CO","L008",40,31,2,6,0.974,0.158,0.171,"RS_A_L008","A_L008"
10,"2023-06-21","Rana sylvatica","RS","A","low density","CO","L009",41,31,4,5,0.973,0.135,0.156,"RS_A_L009","A_L009"
10,"2023-06-21","Rana sylvatica","RS","A","high density","HD","L010",100,84,3,9,0.959,0.093,0.1,"RS_A_L010","A_L010"
10,"2023-06-21","Rana sylvatica","RS","A","low density","CO","L011",40,33,2,5,1,0.132,0.139,"RS_A_L011","A_L011"
10,"2023-06-21","Rana sylvatica","RS","A","high density","HD","L012",100,84,4,8,0.958,0.083,0.091,"RS_A_L012","A_L012"
10,"2023-06-21","Rana sylvatica","RS","A","high density","HD","L013",100,86,3,11,1,0.113,0.117,"RS_A_L013","A_L013"
10,"2023-06-21","Rana sylvatica","RS","A","low density","CO","L014",40,29,4,6,0.972,0.167,0.194,"RS_A_L014","A_L014"
10,"2023-06-21","Rana sylvatica","RS","A","high density","HD","L015",100,83,4,11,0.979,0.115,0.122,"RS_A_L015","A_L015"
10,"2023-06-21","Rana sylvatica","RS","A","low density","CO","L016",40,33,2,4,0.974,0.105,0.114,"RS_A_L016","A_L016"
10,"2023-06-21","Rana sylvatica","RS","A","low density","CO","L017",40,31,4,4,0.972,0.111,0.129,"RS_A_L017","A_L017"
10,"2023-06-21","Rana sylvatica","RS","A","low density","CO","L019",40,29,2,8,0.974,0.211,0.229,"RS_A_L019","A_L019"
9,"2023-06-19","Rana sylvatica","RS","B","low density","CO","L021",40,27,4,7,0.944,0.194,0.233,"RS_B_L021","B_L021"
9,"2023-06-19","Rana sylvatica","RS","B","high density","HD","L022",100,80,4,10,0.938,0.104,0.116,"RS_B_L022","B_L022"
9,"2023-06-19","Rana sylvatica","RS","B","low density","CO","L023",40,27,3,5,0.865,0.135,0.172,"RS_B_L023","B_L023"
9,"2023-06-19","Rana sylvatica","RS","B","high density","HD","L024",100,84,4,8,0.958,0.083,0.091,"RS_B_L024","B_L024"
9,"2023-06-19","Rana sylvatica","RS","B","high density","HD","L025",100,86,4,6,0.958,0.063,0.068,"RS_B_L025","B_L025"
9,"2023-06-19","Rana sylvatica","RS","B","low density","CO","L026",40,30,4,5,0.972,0.139,0.161,"RS_B_L026","B_L026"
9,"2023-06-19","Rana sylvatica","RS","B","high density","HD","L027",100,81,3,6,0.897,0.062,0.071,"RS_B_L027","B_L027"
9,"2023-06-19","Rana sylvatica","RS","B","low density","CO","L028",40,29,4,6,0.972,0.167,0.194,"RS_B_L028","B_L028"
9,"2023-06-19","Rana sylvatica","RS","B","low density","CO","L029",40,29,4,7,1,0.194,0.219,"RS_B_L029","B_L029"
9,"2023-06-19","Rana sylvatica","RS","B","high density","HD","L030",100,91,4,1,0.958,0.01,0.011,"RS_B_L030","B_L030"
9,"2023-06-19","Rana sylvatica","RS","B","low density","CO","L031",40,29,4,7,1,0.194,0.219,"RS_B_L031","B_L031"
9,"2023-06-19","Rana sylvatica","RS","B","high density","HD","L032",100,87,3,7,0.969,0.072,0.077,"RS_B_L032","B_L032"
9,"2023-06-19","Rana sylvatica","RS","B","high density","HD","L033",100,85,4,7,0.958,0.073,0.08,"RS_B_L033","B_L033"
9,"2023-06-19","Rana sylvatica","RS","B","low density","CO","L034",40,32,3,4,0.973,0.108,0.121,"RS_B_L034","B_L034"
9,"2023-06-19","Rana sylvatica","RS","B","high density","HD","L035",100,84,4,10,0.979,0.104,0.111,"RS_B_L035","B_L035"
9,"2023-06-19","Rana sylvatica","RS","B","low density","CO","L036",40,29,4,7,1,0.194,0.219,"RS_B_L036","B_L036"
9,"2023-06-19","Rana sylvatica","RS","C","low density","CO","L041",40,31,3,6,1,0.162,0.176,"RS_C_L041","C_L041"
9,"2023-06-19","Rana sylvatica","RS","C","high density","HD","L042",100,77,5,12,0.937,0.126,0.143,"RS_C_L042","C_L042"
9,"2023-06-19","Rana sylvatica","RS","C","low density","CO","L043",40,27,4,7,0.944,0.194,0.233,"RS_C_L043","C_L043"
9,"2023-06-19","Rana sylvatica","RS","C","high density","HD","L044",101,76,5,14,0.938,0.146,0.165,"RS_C_L044","C_L044"
9,"2023-06-19","Rana sylvatica","RS","C","high density","HD","L045",100,74,4,14,0.917,0.146,0.167,"RS_C_L045","C_L045"
9,"2023-06-19","Rana sylvatica","RS","C","low density","CO","L046",41,31,4,5,0.973,0.135,0.156,"RS_C_L046","C_L046"
9,"2023-06-19","Rana sylvatica","RS","C","high density","HD","L047",100,79,4,14,0.969,0.146,0.157,"RS_C_L047","C_L047"
9,"2023-06-19","Rana sylvatica","RS","C","low density","CO","L048",40,31,3,5,0.973,0.135,0.152,"RS_C_L048","C_L048"
9,"2023-06-19","Rana sylvatica","RS","C","low density","CO","L049",40,26,4,10,1,0.278,0.313,"RS_C_L049","C_L049"
9,"2023-06-19","Rana sylvatica","RS","C","high density","HD","L050",100,80,6,9,0.947,0.096,0.108,"RS_C_L050","C_L050"
9,"2023-06-19","Rana sylvatica","RS","C","low density","CO","L051",40,27,4,9,1,0.25,0.281,"RS_C_L051","C_L051"
9,"2023-06-19","Rana sylvatica","RS","C","high density","HD","L052",100,78,6,7,0.904,0.074,0.089,"RS_C_L052","C_L052"
9,"2023-06-19","Rana sylvatica","RS","C","low density","CO","L053",40,34,2,3,0.974,0.079,0.086,"RS_C_L053","C_L053"
9,"2023-06-19","Rana sylvatica","RS","C","low density","CO","L054",40,28,4,7,0.972,0.194,0.226,"RS_C_L054","C_L054"
9,"2023-06-19","Rana sylvatica","RS","C","low density","CO","L055",40,29,2,7,0.947,0.184,0.206,"RS_C_L055","C_L055"
